entry_date,symbol,side,weight,exit_date,horizon,ret,demeaned_ret,signal_date,action_entry,action_exit,forced,glitch_flag,gross_ret,net_ret,cost_bps
2017-03-13,ARKK,long,1.000,2017-05-03,36,0.098603,0.066979,2017-03-10,RE-ENTRY (new cycle),EXIT / TRIM,0,0,0.098933,0.098603,3
2017-07-17,ARKK,long,1.000,2017-09-05,35,0.139888,0.122391,2017-07-14,RE-ENTRY (new cycle),EXIT / TRIM,0,0,0.140230,0.139888,3
2017-09-28,ARKK,long,1.000,2018-06-08,174,0.333812,0.241277,2017-09-27,RE-ENTRY (new cycle),EXIT / TRIM,0,0,0.334213,0.333812,3
2018-07-09,ARKK,long,1.000,2018-10-05,63,-0.054747,-0.026387,2018-07-06,RE-ENTRY (new cycle),EXIT,0,0,-0.054464,-0.054747,3
2018-10-15,ARKK,long,1.000,2018-10-22,5,-0.004427,0.004083,2018-10-12,RE-ENTRY (new cycle),EXIT,0,0,-0.004128,-0.004427,3
2018-10-23,ARKK,long,1.000,2018-10-25,2,0.000635,0.004451,2018-10-22,RE-ENTRY (new cycle),EXIT,0,0,0.000935,0.000635,3
2018-10-26,ARKK,long,1.000,2018-12-18,35,0.008399,0.031537,2018-10-25,RE-ENTRY (new cycle),EXIT,0,0,0.008702,0.008399,3
2018-12-27,ARKK,long,0.500,2018-12-28,1,0.014354,0.006493,2018-12-26,TACTICAL REBOUND (counter-trend),EXIT,0,0,0.014658,0.014354,3
2018-12-31,ARKK,long,0.500,2019-01-02,1,-0.020318,-0.014313,2018-12-28,TACTICAL REBOUND (counter-trend),EXIT,0,0,-0.020024,-0.020318,3
2019-01-11,ARKK,long,1.000,2019-05-14,84,0.066463,0.049999,2019-01-10,RE-ENTRY (new cycle),EXIT,0,0,0.066783,0.066463,3
2019-05-22,ARKK,long,1.000,2019-05-24,2,-0.025843,-0.016746,2019-05-21,RE-ENTRY (new cycle),EXIT,0,0,-0.025551,-0.025843,3
2019-05-28,ARKK,long,1.000,2019-06-03,4,-0.037466,-0.018350,2019-05-24,RE-ENTRY (new cycle),EXIT,0,0,-0.037177,-0.037466,3
2019-06-05,ARKK,long,0.500,2019-06-06,1,-0.000836,-0.005852,2019-06-04,TACTICAL REBOUND (counter-trend),EXIT,0,0,-0.000536,-0.000836,3
2019-10-04,ARKK,long,0.500,2019-10-07,1,0.003240,0.003272,2019-10-03,TACTICAL REBOUND (counter-trend),EXIT,0,0,0.003541,0.003240,3
2019-10-10,ARKK,long,0.500,2019-10-11,1,0.015871,0.004673,2019-10-09,TACTICAL REBOUND (counter-trend),EXIT,0,0,0.016176,0.015871,3
2020-01-07,ARKK,long,1.000,2020-02-18,28,0.163731,0.015989,2020-01-06,RE-ENTRY (new cycle),EXIT / TRIM,0,0,0.164080,0.163731,3
2020-03-11,ARKK,long,1.000,2020-03-12,1,-0.107811,-0.021822,2020-03-10,RE-ENTRY (new cycle),EXIT,0,0,-0.107543,-0.107811,3
2020-03-20,ARKK,long,1.000,2020-03-30,6,0.129501,0.003742,2020-03-19,RE-ENTRY (new cycle),EXIT,0,0,0.129840,0.129501,3
2020-06-16,ARKK,long,1.000,2020-06-24,6,0.072465,0.091368,2020-06-15,RE-ENTRY (new cycle),EXIT / TRIM,0,0,0.072787,0.072465,3
2020-09-17,ARKK,long,1.000,2020-12-03,54,0.283841,0.032268,2020-09-16,RE-ENTRY (new cycle),EXIT / TRIM,0,0,0.284227,0.283841,3
2021-02-02,ARKK,long,1.000,2021-03-05,22,-0.179983,0.003634,2021-02-01,RE-ENTRY (new cycle),EXIT,0,0,-0.179737,-0.179983,3
2021-03-10,ARKK,long,1.000,2021-03-25,11,-0.117281,-0.086773,2021-03-09,RE-ENTRY (new cycle),EXIT,0,0,-0.117016,-0.117281,3
2021-03-31,ARKK,long,1.000,2021-05-07,26,-0.043010,-0.058108,2021-03-30,RE-ENTRY (new cycle),EXIT,0,0,-0.042723,-0.043010,3
2021-05-12,ARKK,long,1.000,2021-05-13,1,-0.001083,0.009718,2021-05-11,RE-ENTRY (new cycle),EXIT,0,0,-0.000784,-0.001083,3
2021-05-17,ARKK,long,1.000,2021-07-01,32,0.271743,0.144666,2021-05-14,RE-ENTRY (new cycle),EXIT / TRIM,0,0,0.272124,0.271743,3
2021-07-27,ARKK,long,1.000,2021-08-19,17,-0.056269,-0.064184,2021-07-26,RE-ENTRY (new cycle),EXIT,0,0,-0.055986,-0.056269,3
2021-09-01,ARKK,long,1.000,2021-09-21,13,-0.043350,-0.020793,2021-08-31,RE-ENTRY (new cycle),EXIT,0,0,-0.043063,-0.043350,3
2021-10-04,ARKK,long,1.000,2021-10-05,1,-0.029033,-0.034311,2021-10-01,RE-ENTRY (new cycle),EXIT,0,0,-0.028742,-0.029033,3
2021-10-06,ARKK,long,1.000,2021-10-08,2,0.045391,0.041374,2021-10-05,RE-ENTRY (new cycle),EXIT,0,0,0.045705,0.045391,3
2021-10-19,ARKK,long,1.000,2021-11-16,20,-0.008751,-0.121597,2021-10-18,RE-ENTRY (new cycle),EXIT,0,0,-0.008454,-0.008751,3
2021-11-26,ARKK,long,0.500,2021-11-29,1,0.008486,-0.017849,2021-11-24,TACTICAL REBOUND (counter-trend),EXIT,0,0,0.008789,0.008486,3
2021-12-07,ARKK,long,0.500,2021-12-08,1,0.026356,0.012467,2021-12-06,TACTICAL REBOUND (counter-trend),EXIT,0,0,0.026664,0.026356,3
2021-12-16,ARKK,long,0.500,2021-12-17,1,-0.062727,-0.068928,2021-12-15,TACTICAL REBOUND (counter-trend),EXIT,0,0,-0.062446,-0.062727,3
2021-12-20,ARKK,long,0.500,2021-12-21,1,0.011393,-0.021065,2021-12-17,TACTICAL REBOUND (counter-trend),EXIT,0,0,0.011696,0.011393,3
2022-01-12,ARKK,long,0.500,2022-01-13,1,-0.034228,0.012132,2022-01-11,TACTICAL REBOUND (counter-trend),EXIT,0,0,-0.033938,-0.034228,3
2022-01-21,ARKK,long,0.500,2022-01-24,1,-0.083571,-0.082515,2022-01-20,TACTICAL REBOUND (counter-trend),EXIT,0,0,-0.083296,-0.083571,3
2022-01-25,ARKK,long,0.500,2022-01-26,1,0.028531,0.022290,2022-01-24,TACTICAL REBOUND (counter-trend),EXIT,0,0,0.028839,0.028531,3
2022-01-31,ARKK,long,0.500,2022-02-01,1,0.093976,0.092659,2022-01-28,TACTICAL REBOUND (counter-trend),EXIT,0,0,0.094305,0.093976,3
2022-02-25,ARKK,long,0.500,2022-03-02,3,0.028542,-0.021597,2022-02-24,TACTICAL REBOUND (counter-trend),EXIT,0,0,0.028851,0.028542,3
2022-03-10,ARKK,long,0.500,2022-03-11,1,-0.002912,0.033765,2022-03-09,TACTICAL REBOUND (counter-trend),EXIT,0,0,-0.002613,-0.002912,3
2022-03-16,ARKK,long,0.500,2022-03-17,1,0.061907,0.031121,2022-03-15,TACTICAL REBOUND (counter-trend),EXIT,0,0,0.062226,0.061907,3
2022-04-26,ARKK,long,0.500,2022-04-27,1,-0.060207,-0.061398,2022-04-25,TACTICAL REBOUND (counter-trend),EXIT,0,0,-0.059925,-0.060207,3
2022-05-03,ARKK,long,0.500,2022-05-04,1,0.000607,-0.039636,2022-05-02,TACTICAL REBOUND (counter-trend),EXIT,0,0,0.000907,0.000607,3
2022-05-13,ARKK,long,0.500,2022-05-16,1,0.053013,0.090454,2022-05-12,TACTICAL REBOUND (counter-trend),EXIT,0,0,0.053329,0.053013,3
2022-08-03,ARKK,long,1.000,2022-08-22,13,-0.084335,-0.038525,2022-08-02,RE-ENTRY (new cycle),EXIT,0,0,-0.084060,-0.084335,3
2022-09-08,ARKK,long,0.500,2022-09-09,1,0.065128,0.035110,2022-09-07,TACTICAL REBOUND (counter-trend),EXIT,0,0,0.065447,0.065128,3
2022-09-28,ARKK,long,0.500,2022-09-29,1,0.016559,0.065131,2022-09-27,TACTICAL REBOUND (counter-trend),EXIT,0,0,0.016864,0.016559,3
2022-10-18,ARKK,long,0.500,2022-10-19,1,-0.039018,-0.031824,2022-10-17,TACTICAL REBOUND (counter-trend),EXIT,0,0,-0.038730,-0.039018,3
2022-11-11,ARKK,long,0.500,2022-11-22,7,-0.040750,0.034075,2022-11-10,TACTICAL REBOUND (counter-trend),EXIT,0,0,-0.040463,-0.040750,3
2022-12-30,ARKK,long,0.500,2023-01-03,1,0.043993,0.090939,2022-12-29,TACTICAL REBOUND (counter-trend),EXIT,0,0,0.044306,0.043993,3
2023-01-12,ARKK,long,1.000,2023-01-18,3,0.076431,0.066957,2023-01-11,RE-ENTRY (new cycle),EXIT / TRIM,0,0,0.076754,0.076431,3
2023-02-16,ARKK,long,1.000,2023-03-10,15,-0.126205,-0.019502,2023-02-15,RE-ENTRY (new cycle),EXIT,0,0,-0.125943,-0.126205,3
2023-03-22,ARKK,long,1.000,2023-03-23,1,-0.061934,-0.063711,2023-03-21,RE-ENTRY (new cycle),EXIT,0,0,-0.061653,-0.061934,3
2023-04-05,ARKK,long,1.000,2023-04-13,5,-0.023883,-0.038332,2023-04-04,RE-ENTRY (new cycle),EXIT,0,0,-0.023591,-0.023883,3
2023-05-05,ARKK,long,0.500,2023-05-08,1,0.024296,0.015047,2023-05-04,TACTICAL REBOUND (counter-trend),EXIT,0,0,0.024604,0.024296,3
2023-05-12,ARKK,long,1.000,2023-07-14,42,0.278225,-0.088188,2023-05-11,RE-ENTRY (new cycle),EXIT / TRIM,0,0,0.278608,0.278225,3
2023-07-31,ARKK,long,1.000,2023-08-17,13,-0.171048,-0.038544,2023-07-28,RE-ENTRY (new cycle),EXIT,0,0,-0.170799,-0.171048,3
2023-08-21,ARKK,long,1.000,2023-09-25,24,-0.051062,-0.070518,2023-08-18,RE-ENTRY (new cycle),EXIT,0,0,-0.050777,-0.051062,3
2023-09-28,ARKK,long,1.000,2023-10-04,4,-0.015578,-0.036126,2023-09-27,RE-ENTRY (new cycle),EXIT,0,0,-0.015283,-0.015578,3
2023-10-05,ARKK,long,1.000,2023-10-23,12,-0.071458,0.031613,2023-10-04,RE-ENTRY (new cycle),EXIT,0,0,-0.071179,-0.071458,3
2023-10-25,ARKK,long,0.500,2023-10-26,1,-0.039017,-0.021045,2023-10-24,TACTICAL REBOUND (counter-trend),EXIT,0,0,-0.038729,-0.039017,3
2023-10-31,ARKK,long,0.500,2023-11-01,1,0.025884,0.009784,2023-10-30,TACTICAL REBOUND (counter-trend),EXIT,0,0,0.026192,0.025884,3
2023-11-07,ARKK,long,1.000,2023-12-06,20,0.218573,0.131898,2023-11-06,RE-ENTRY (new cycle),EXIT / TRIM,0,0,0.218939,0.218573,3
2024-02-13,ARKK,long,1.000,2024-04-08,37,-0.008294,-0.008608,2024-02-12,RE-ENTRY (new cycle),EXIT,0,0,-0.007997,-0.008294,3
2024-04-23,ARKK,long,1.000,2024-06-21,41,0.004523,-0.115287,2024-04-22,RE-ENTRY (new cycle),EXIT,0,0,0.004824,0.004523,3
2024-08-09,ARKK,long,0.500,2024-08-12,1,0.000604,0.009017,2024-08-08,TACTICAL REBOUND (counter-trend),EXIT,0,0,0.000905,0.000604,3
2024-08-22,ARKK,long,1.000,2024-09-04,8,-0.067547,-0.080026,2024-08-21,RE-ENTRY (new cycle),EXIT,0,0,-0.067268,-0.067547,3
2024-09-13,ARKK,long,1.000,2024-11-11,41,0.239730,-0.048790,2024-09-12,RE-ENTRY (new cycle),EXIT / TRIM,0,0,0.240102,0.239730,3
2024-12-27,ARKK,long,1.000,2025-03-04,43,-0.147648,0.065222,2024-12-26,RE-ENTRY (new cycle),EXIT,0,0,-0.147393,-0.147648,3
2025-03-05,ARKK,long,1.000,2025-03-11,4,-0.108552,0.001246,2025-03-04,RE-ENTRY (new cycle),EXIT,0,0,-0.108285,-0.108552,3
2025-03-13,ARKK,long,1.000,2025-04-09,19,-0.171040,-0.230337,2025-03-12,RE-ENTRY (new cycle),EXIT,0,0,-0.170791,-0.171040,3
2025-04-10,ARKK,long,1.000,2025-04-11,1,-0.022102,-0.031458,2025-04-09,RE-ENTRY (new cycle),EXIT,0,0,-0.021808,-0.022102,3
2025-08-11,ARKK,long,1.000,2025-09-23,30,0.124243,-0.042874,2025-08-08,RE-ENTRY (new cycle),EXIT / TRIM,0,0,0.124580,0.124243,3
2025-10-21,ARKK,long,1.000,2025-11-14,18,-0.166477,-0.114524,2025-10-20,RE-ENTRY (new cycle),EXIT,0,0,-0.166227,-0.166477,3
2025-11-24,ARKK,long,1.000,2026-02-03,47,0.012958,0.017846,2025-11-21,RE-ENTRY (new cycle),EXIT,0,0,0.013262,0.012958,3
2026-02-09,ARKK,long,1.000,2026-02-13,4,-0.011628,-0.010008,2026-02-06,RE-ENTRY (new cycle),EXIT,0,0,-0.011332,-0.011628,3
2026-02-17,ARKK,long,1.000,2026-03-27,28,-0.042675,0.068202,2026-02-13,RE-ENTRY (new cycle),EXIT,0,0,-0.042388,-0.042675,3
2026-04-01,ARKK,long,1.000,2026-06-18,54,0.165955,0.036569,2026-03-31,RE-ENTRY (new cycle),FORCED,1,0,0.166305,0.165955,3
2020-08-21,CRWD,long,1.000,2020-09-01,7,0.199637,0.107656,2020-08-20,RE-ENTRY (new cycle),EXIT / TRIM,0,0,0.199997,0.199637,3
2020-11-03,CRWD,long,1.000,2020-11-10,5,0.010292,-0.000165,2020-11-02,RE-ENTRY (new cycle),EXIT,0,0,0.010595,0.010292,3
2020-11-20,CRWD,long,1.000,2020-12-04,9,0.103821,-0.022417,2020-11-19,RE-ENTRY (new cycle),EXIT / TRIM,0,0,0.104152,0.103821,3
2021-02-04,CRWD,long,1.000,2021-03-09,22,-0.123808,0.001305,2021-02-03,RE-ENTRY (new cycle),EXIT,0,0,-0.123545,-0.123808,3
2021-03-10,CRWD,long,1.000,2021-03-19,7,-0.055077,-0.052038,2021-03-09,RE-ENTRY (new cycle),EXIT,0,0,-0.054793,-0.055077,3
2021-04-09,CRWD,long,1.000,2021-04-14,3,0.073571,0.036449,2021-04-08,RE-ENTRY (new cycle),EXIT / TRIM,0,0,0.073893,0.073571,3
2021-05-26,CRWD,long,1.000,2021-06-23,19,0.170659,0.123422,2021-05-25,RE-ENTRY (new cycle),EXIT / TRIM,0,0,0.171010,0.170659,3
2021-07-23,CRWD,long,1.000,2021-08-27,25,0.069100,0.011800,2021-07-22,RE-ENTRY (new cycle),EXIT / TRIM,0,0,0.069421,0.069100,3
2021-08-30,CRWD,long,1.000,2021-09-30,22,-0.156232,-0.142447,2021-08-27,RE-ENTRY (new cycle),EXIT,0,0,-0.155979,-0.156232,3
2021-10-18,CRWD,long,1.000,2021-11-24,27,-0.159332,-0.284050,2021-10-15,RE-ENTRY (new cycle),EXIT,0,0,-0.159080,-0.159332,3
2021-11-29,CRWD,long,1.000,2021-11-30,1,-0.035366,-0.029962,2021-11-26,RE-ENTRY (new cycle),EXIT,0,0,-0.035077,-0.035366,3
2021-12-03,CRWD,long,1.000,2021-12-06,1,-0.107611,-0.110260,2021-12-02,RE-ENTRY (new cycle),EXIT,0,0,-0.107344,-0.107611,3
2021-12-08,CRWD,long,1.000,2021-12-28,13,0.020763,0.015343,2021-12-07,RE-ENTRY (new cycle),EXIT,0,0,0.021070,0.020763,3
2022-01-20,CRWD,long,0.500,2022-01-21,1,-0.031315,0.008444,2022-01-19,TACTICAL REBOUND (counter-trend),EXIT,0,0,-0.031024,-0.031315,3
2022-01-25,CRWD,long,0.500,2022-01-26,1,-0.028966,-0.035207,2022-01-24,TACTICAL REBOUND (counter-trend),EXIT,0,0,-0.028675,-0.028966,3
2022-01-27,CRWD,long,0.500,2022-01-28,1,-0.022273,-0.045037,2022-01-26,TACTICAL REBOUND (counter-trend),EXIT,0,0,-0.021980,-0.022273,3
2022-01-31,CRWD,long,0.500,2022-02-01,1,0.065617,0.064299,2022-01-28,TACTICAL REBOUND (counter-trend),EXIT,0,0,0.065937,0.065617,3
2022-04-13,CRWD,long,1.000,2022-04-14,1,0.061431,0.089670,2022-04-12,RE-ENTRY (new cycle),EXIT / TRIM,0,0,0.061749,0.061431,3
2022-05-13,CRWD,long,0.500,2022-05-16,1,0.075826,0.113267,2022-05-12,TACTICAL REBOUND (counter-trend),EXIT,0,0,0.076148,0.075826,3
2022-05-18,CRWD,long,0.500,2022-05-19,1,-0.039278,-0.044017,2022-05-17,TACTICAL REBOUND (counter-trend),EXIT,0,0,-0.038990,-0.039278,3
2022-05-20,CRWD,long,0.500,2022-05-23,1,-0.027070,-0.039004,2022-05-19,TACTICAL REBOUND (counter-trend),EXIT,0,0,-0.026778,-0.027070,3
2022-06-03,CRWD,long,0.500,2022-06-14,7,-0.060035,0.014780,2022-06-02,TACTICAL REBOUND (counter-trend),EXIT,0,0,-0.059753,-0.060035,3
2022-07-21,CRWD,long,1.000,2022-07-27,4,-0.045520,-0.045523,2022-07-20,RE-ENTRY (new cycle),EXIT,0,0,-0.045233,-0.045520,3
2022-08-02,CRWD,long,1.000,2022-09-01,22,-0.012060,0.051553,2022-08-01,RE-ENTRY (new cycle),EXIT,0,0,-0.011763,-0.012060,3
2022-09-28,CRWD,long,0.500,2022-09-29,1,-0.004437,0.044136,2022-09-27,TACTICAL REBOUND (counter-trend),EXIT,0,0,-0.004138,-0.004437,3
2022-10-18,CRWD,long,0.500,2022-10-19,1,-0.012357,-0.005163,2022-10-17,TACTICAL REBOUND (counter-trend),EXIT,0,0,-0.012060,-0.012357,3
2022-11-11,CRWD,long,0.500,2022-11-14,1,0.034480,0.053582,2022-11-10,TACTICAL REBOUND (counter-trend),EXIT,0,0,0.034790,0.034480,3
2022-12-09,CRWD,long,0.500,2022-12-12,1,0.008185,0.027455,2022-12-08,TACTICAL REBOUND (counter-trend),EXIT,0,0,0.008488,0.008185,3
2022-12-13,CRWD,long,0.500,2022-12-14,1,-0.026584,-0.013660,2022-12-12,TACTICAL REBOUND (counter-trend),EXIT,0,0,-0.026292,-0.026584,3
2022-12-21,CRWD,long,0.500,2022-12-22,1,-0.038155,0.003685,2022-12-20,TACTICAL REBOUND (counter-trend),EXIT,0,0,-0.037867,-0.038155,3
2022-12-30,CRWD,long,0.500,2023-01-03,1,0.038024,0.084971,2022-12-29,TACTICAL REBOUND (counter-trend),EXIT,0,0,0.038336,0.038024,3
2023-04-14,CRWD,long,1.000,2023-04-26,8,-0.079615,0.011998,2023-04-13,RE-ENTRY (new cycle),EXIT,0,0,-0.079339,-0.079615,3
2023-05-04,CRWD,long,0.500,2023-05-05,1,0.006491,-0.030462,2023-05-03,TACTICAL REBOUND (counter-trend),EXIT,0,0,0.006793,0.006491,3
2023-07-14,CRWD,long,1.000,2023-08-25,30,-0.030160,0.067454,2023-07-13,RE-ENTRY (new cycle),EXIT,0,0,-0.029869,-0.030160,3
2023-09-01,CRWD,long,1.000,2023-10-12,28,0.153182,0.150751,2023-08-31,RE-ENTRY (new cycle),EXIT / TRIM,0,0,0.153528,0.153182,3
2023-11-03,CRWD,long,1.000,2023-11-15,8,0.141867,0.075778,2023-11-02,RE-ENTRY (new cycle),EXIT / TRIM,0,0,0.142209,0.141867,3
2024-01-08,CRWD,long,1.000,2024-01-11,3,0.126755,0.148865,2024-01-05,RE-ENTRY (new cycle),EXIT / TRIM,0,0,0.127093,0.126755,3
2024-02-27,CRWD,long,1.000,2024-04-15,33,-0.041917,0.058479,2024-02-26,RE-ENTRY (new cycle),EXIT,0,0,-0.041630,-0.041917,3
2024-04-23,CRWD,long,1.000,2024-06-11,34,0.275235,0.182888,2024-04-22,RE-ENTRY (new cycle),EXIT / TRIM,0,0,0.275617,0.275235,3
2024-07-29,CRWD,long,1.000,2024-09-23,39,0.146782,0.087524,2024-07-26,RE-ENTRY (new cycle),EXIT / TRIM,0,0,0.147126,0.146782,3
2024-11-04,CRWD,long,1.000,2025-01-29,57,0.344694,0.030709,2024-11-01,RE-ENTRY (new cycle),EXIT / TRIM,0,0,0.345098,0.344694,3
2025-03-12,CRWD,long,1.000,2025-04-25,31,0.206209,0.129941,2025-03-11,RE-ENTRY (new cycle),EXIT / TRIM,0,0,0.206571,0.206209,3
2025-08-12,CRWD,long,1.000,2025-08-20,6,-0.025316,0.003598,2025-08-11,RE-ENTRY (new cycle),EXIT,0,0,-0.025023,-0.025316,3
2025-08-21,CRWD,long,1.000,2025-08-22,1,-0.007274,-0.051553,2025-08-20,RE-ENTRY (new cycle),EXIT,0,0,-0.006976,-0.007274,3
2025-08-25,CRWD,long,1.000,2025-09-19,18,0.180049,0.039680,2025-08-22,RE-ENTRY (new cycle),EXIT / TRIM,0,0,0.180403,0.180049,3
2025-10-21,CRWD,long,1.000,2025-12-15,38,0.014892,-0.012999,2025-10-20,RE-ENTRY (new cycle),EXIT,0,0,0.015197,0.014892,3
2026-01-07,CRWD,long,1.000,2026-01-21,9,-0.039391,-0.039358,2026-01-06,RE-ENTRY (new cycle),EXIT,0,0,-0.039103,-0.039391,3
2026-02-10,CRWD,long,1.000,2026-02-13,3,0.038508,0.050806,2026-02-09,RE-ENTRY (new cycle),EXIT,0,0,0.038820,0.038508,3
2026-02-26,CRWD,long,0.500,2026-02-27,1,0.004331,0.018621,2026-02-25,TACTICAL REBOUND (counter-trend),EXIT,0,0,0.004633,0.004331,3
2026-03-09,CRWD,long,1.000,2026-03-25,12,-0.063054,-0.021898,2026-03-06,RE-ENTRY (new cycle),EXIT,0,0,-0.062773,-0.063054,3
2026-06-12,CRWD,long,1.000,2026-06-18,4,-0.008993,-0.008923,2026-06-11,RE-ENTRY (new cycle),FORCED,1,0,-0.008695,-0.008993,3
2017-03-02,IWM,long,1.000,2017-03-27,17,-0.054512,-0.045485,2017-03-01,RE-ENTRY (new cycle),EXIT,0,0,-0.054228,-0.054512,3
2017-05-16,IWM,long,1.000,2017-06-01,11,-0.016782,-0.035353,2017-05-15,RE-ENTRY (new cycle),EXIT,0,0,-0.016487,-0.016782,3
2017-06-26,IWM,long,1.000,2017-08-11,33,-0.035167,-0.024522,2017-06-23,RE-ENTRY (new cycle),EXIT,0,0,-0.034877,-0.035167,3
2017-08-15,IWM,long,1.000,2017-08-18,3,-0.031777,-0.013997,2017-08-14,RE-ENTRY (new cycle),EXIT,0,0,-0.031487,-0.031777,3
2017-08-23,IWM,long,1.000,2017-10-05,30,0.108241,0.055373,2017-08-22,RE-ENTRY (new cycle),EXIT / TRIM,0,0,0.108573,0.108241,3
2017-11-01,IWM,long,1.000,2018-04-09,107,0.005111,-0.003249,2017-10-31,RE-ENTRY (new cycle),EXIT,0,0,0.005413,0.005111,3
2018-05-08,IWM,long,1.000,2018-06-18,28,0.063610,-0.003543,2018-05-07,RE-ENTRY (new cycle),EXIT / TRIM,0,0,0.063930,0.063610,3
2018-07-09,IWM,long,1.000,2018-10-03,61,-0.023248,-0.020889,2018-07-06,RE-ENTRY (new cycle),EXIT,0,0,-0.022955,-0.023248,3
2018-10-04,IWM,long,1.000,2018-10-05,1,-0.010809,0.001872,2018-10-03,RE-ENTRY (new cycle),EXIT,0,0,-0.010512,-0.010809,3
2018-10-16,IWM,long,1.000,2018-10-22,4,-0.009353,0.023390,2018-10-15,RE-ENTRY (new cycle),EXIT,0,0,-0.009056,-0.009353,3
2018-10-26,IWM,long,1.000,2018-11-02,5,0.043560,0.000245,2018-10-25,RE-ENTRY (new cycle),EXIT,0,0,0.043873,0.043560,3
2018-12-27,IWM,long,0.500,2018-12-28,1,0.016355,0.008494,2018-12-26,TACTICAL REBOUND (counter-trend),EXIT,0,0,0.016660,0.016355,3
2018-12-31,IWM,long,0.500,2019-01-02,1,-0.012184,-0.006179,2018-12-28,TACTICAL REBOUND (counter-trend),EXIT,0,0,-0.011888,-0.012184,3
2019-03-18,IWM,long,1.000,2019-03-25,5,-0.036564,-0.014506,2019-03-15,RE-ENTRY (new cycle),EXIT,0,0,-0.036275,-0.036564,3
2019-04-04,IWM,long,1.000,2019-05-14,27,-0.021968,0.009334,2019-04-03,RE-ENTRY (new cycle),EXIT,0,0,-0.021674,-0.021968,3
2019-06-04,IWM,long,0.500,2019-06-05,1,0.018588,0.013297,2019-06-03,TACTICAL REBOUND (counter-trend),EXIT,0,0,0.018894,0.018588,3
2019-06-14,IWM,long,1.000,2019-06-27,9,-0.011321,-0.027094,2019-06-13,RE-ENTRY (new cycle),EXIT,0,0,-0.011024,-0.011321,3
2019-07-25,IWM,long,1.000,2019-08-05,7,-0.047651,-0.003308,2019-07-24,RE-ENTRY (new cycle),EXIT,0,0,-0.047366,-0.047651,3
2020-02-04,IWM,long,1.000,2020-02-28,17,-0.118964,-0.001573,2020-02-03,RE-ENTRY (new cycle),EXIT,0,0,-0.118699,-0.118964,3
2020-03-03,IWM,long,1.000,2020-03-09,4,-0.112784,-0.014155,2020-03-02,RE-ENTRY (new cycle),EXIT,0,0,-0.112517,-0.112784,3
2020-03-16,IWM,long,0.500,2020-03-17,1,-0.034275,-0.053296,2020-03-13,TACTICAL REBOUND (counter-trend),EXIT,0,0,-0.033985,-0.034275,3
2020-03-18,IWM,long,0.500,2020-03-19,1,-0.033574,-0.080480,2020-03-17,TACTICAL REBOUND (counter-trend),EXIT,0,0,-0.033284,-0.033574,3
2020-03-20,IWM,long,0.500,2020-03-23,1,-0.040342,-0.023696,2020-03-19,TACTICAL REBOUND (counter-trend),EXIT,0,0,-0.040054,-0.040342,3
2020-03-25,IWM,long,0.500,2020-03-26,1,0.021946,-0.012389,2020-03-24,TACTICAL REBOUND (counter-trend),EXIT,0,0,0.018418,0.021946,3
2020-05-19,IWM,long,1.000,2020-09-24,89,0.096547,-0.354596,2020-05-18,RE-ENTRY (new cycle),EXIT,0,0,0.089070,0.096547,3
2020-09-28,IWM,long,1.000,2020-11-27,43,0.237555,0.004667,2020-09-25,RE-ENTRY (new cycle),EXIT / TRIM,0,0,0.237926,0.237555,3
2021-02-02,IWM,long,1.000,2021-02-12,8,0.059322,0.062307,2021-02-01,RE-ENTRY (new cycle),EXIT / TRIM,0,0,0.059640,0.059322,3
2021-03-02,IWM,long,1.000,2021-04-21,35,-0.037655,-0.079939,2021-03-01,RE-ENTRY (new cycle),EXIT,0,0,-0.039130,-0.037655,3
2021-06-01,IWM,long,1.000,2021-07-16,32,-0.032598,-0.054699,2021-05-28,RE-ENTRY (new cycle),EXIT,0,0,-0.033834,-0.032598,3
2021-07-21,IWM,long,1.000,2021-11-05,76,0.101408,-0.276221,2021-07-20,RE-ENTRY (new cycle),EXIT / TRIM,0,0,0.098645,0.101408,3
2021-12-03,IWM,long,1.000,2021-12-14,7,-0.023485,-0.000192,2021-12-02,RE-ENTRY (new cycle),EXIT,0,0,-0.026213,-0.023485,3
2021-12-29,IWM,long,1.000,2022-01-19,14,-0.063018,0.023445,2021-12-28,RE-ENTRY (new cycle),EXIT,0,0,-0.062736,-0.063018,3
2022-01-25,IWM,long,0.500,2022-01-26,1,0.016016,0.009776,2022-01-24,TACTICAL REBOUND (counter-trend),EXIT,0,0,0.016321,0.016016,3
2022-01-31,IWM,long,0.500,2022-02-01,1,0.036777,0.035459,2022-01-28,TACTICAL REBOUND (counter-trend),EXIT,0,0,0.037088,0.036777,3
2022-04-29,IWM,long,0.500,2022-05-02,1,-0.025323,-0.053124,2022-04-28,TACTICAL REBOUND (counter-trend),EXIT,0,0,-0.025030,-0.025323,3
2022-05-03,IWM,long,0.500,2022-05-04,1,0.010789,-0.029454,2022-05-02,TACTICAL REBOUND (counter-trend),EXIT,0,0,0.011092,0.010789,3
2022-05-13,IWM,long,0.500,2022-05-16,1,0.013446,0.050887,2022-05-12,TACTICAL REBOUND (counter-trend),EXIT,0,0,0.013750,0.013446,3
2022-06-22,IWM,long,0.500,2022-06-23,1,0.012829,0.002617,2022-06-21,TACTICAL REBOUND (counter-trend),EXIT,0,0,0.013133,0.012829,3
2022-08-26,IWM,long,1.000,2022-08-31,3,-0.053808,-0.017475,2022-08-25,RE-ENTRY (new cycle),EXIT,0,0,-0.053525,-0.053808,3
2022-09-08,IWM,long,0.500,2022-09-14,4,0.009798,-0.011618,2022-09-07,TACTICAL REBOUND (counter-trend),EXIT,0,0,0.010101,0.009798,3
2022-09-29,IWM,long,0.500,2022-09-30,1,-0.012513,-0.002668,2022-09-28,TACTICAL REBOUND (counter-trend),EXIT,0,0,-0.012217,-0.012513,3
2022-10-04,IWM,long,0.500,2022-10-05,1,0.004032,0.024055,2022-10-03,TACTICAL REBOUND (counter-trend),EXIT,0,0,0.004333,0.004032,3
2022-12-01,IWM,long,1.000,2022-12-07,4,-0.045223,0.026215,2022-11-30,RE-ENTRY (new cycle),EXIT,0,0,-0.044937,-0.045223,3
2023-01-12,IWM,long,1.000,2023-03-13,40,-0.060759,-0.182628,2023-01-11,RE-ENTRY (new cycle),EXIT,0,0,-0.060477,-0.060759,3
2023-03-15,IWM,long,1.000,2023-03-16,1,-0.003274,-0.022566,2023-03-14,RE-ENTRY (new cycle),EXIT,0,0,-0.002975,-0.003274,3
2023-03-17,IWM,long,0.500,2023-03-20,1,-0.006285,-0.016625,2023-03-16,TACTICAL REBOUND (counter-trend),EXIT,0,0,-0.005987,-0.006285,3
2023-03-21,IWM,long,0.500,2023-03-22,1,-0.000770,0.026787,2023-03-20,TACTICAL REBOUND (counter-trend),EXIT,0,0,-0.000470,-0.000770,3
2023-03-27,IWM,long,0.500,2023-03-28,1,-0.004854,0.004056,2023-03-24,TACTICAL REBOUND (counter-trend),EXIT,0,0,-0.004556,-0.004854,3
2023-06-30,IWM,long,1.000,2023-09-11,49,-0.016526,-0.051450,2023-06-29,RE-ENTRY (new cycle),EXIT,0,0,-0.016231,-0.016526,3
2023-09-26,IWM,long,1.000,2023-09-27,1,0.003837,0.008977,2023-09-25,RE-ENTRY (new cycle),EXIT,0,0,-0.000585,0.003837,3
2023-09-28,IWM,long,1.000,2023-10-03,3,-0.018421,-0.005144,2023-09-27,RE-ENTRY (new cycle),EXIT,0,0,-0.018126,-0.018421,3
2023-10-06,IWM,long,0.500,2023-10-09,1,0.008023,0.005352,2023-10-05,TACTICAL REBOUND (counter-trend),EXIT,0,0,0.008326,0.008023,3
2023-10-10,IWM,long,0.500,2023-10-11,1,0.009778,0.008417,2023-10-09,TACTICAL REBOUND (counter-trend),EXIT,0,0,0.010081,0.009778,3
2023-10-25,IWM,long,0.500,2023-10-26,1,-0.005809,0.012164,2023-10-24,TACTICAL REBOUND (counter-trend),EXIT,0,0,-0.005510,-0.005809,3
2023-10-27,IWM,long,0.500,2023-10-30,1,-0.005034,0.012358,2023-10-26,TACTICAL REBOUND (counter-trend),EXIT,0,0,-0.004736,-0.005034,3
2023-10-31,IWM,long,0.500,2023-11-01,1,0.005883,-0.010216,2023-10-30,TACTICAL REBOUND (counter-trend),EXIT,0,0,0.006185,0.005883,3
2024-01-09,IWM,long,1.000,2024-04-18,69,-0.001745,0.153487,2024-01-08,RE-ENTRY (new cycle),EXIT,0,0,-0.004132,-0.001745,3
2024-04-22,IWM,long,1.000,2024-07-18,60,0.141680,-0.170880,2024-04-19,RE-ENTRY (new cycle),EXIT / TRIM,0,0,0.139128,0.141680,3
2024-08-20,IWM,long,1.000,2024-11-08,57,0.101295,-0.157455,2024-08-19,RE-ENTRY (new cycle),EXIT / TRIM,0,0,0.098126,0.101295,3
2024-11-22,IWM,long,1.000,2025-01-13,32,-0.088110,-0.127364,2024-11-21,RE-ENTRY (new cycle),EXIT,0,0,-0.090781,-0.088110,3
2025-01-15,IWM,long,1.000,2025-02-24,26,-0.029672,0.093312,2025-01-14,RE-ENTRY (new cycle),EXIT,0,0,-0.029381,-0.029672,3
2025-03-03,IWM,long,1.000,2025-03-04,1,-0.045085,-0.021383,2025-02-28,RE-ENTRY (new cycle),EXIT,0,0,-0.044799,-0.045085,3
2025-03-06,IWM,long,1.000,2025-03-07,1,-0.004679,-0.002356,2025-03-05,RE-ENTRY (new cycle),EXIT,0,0,-0.004380,-0.004679,3
2025-03-10,IWM,long,1.000,2025-03-11,1,-0.012200,-0.028624,2025-03-07,RE-ENTRY (new cycle),EXIT,0,0,-0.011903,-0.012200,3
2025-03-12,IWM,long,1.000,2025-03-18,4,0.003362,0.036607,2025-03-11,RE-ENTRY (new cycle),EXIT,0,0,0.003663,0.003362,3
2025-04-10,IWM,long,0.500,2025-04-11,1,-0.016699,-0.026055,2025-04-09,TACTICAL REBOUND (counter-trend),EXIT,0,0,-0.016404,-0.016699,3
2025-06-24,IWM,long,1.000,2025-11-18,103,0.087276,-0.050136,2025-06-23,RE-ENTRY (new cycle),EXIT,0,0,0.084430,0.087276,3
2025-11-24,IWM,long,1.000,2026-03-13,74,0.059107,0.123799,2025-11-21,RE-ENTRY (new cycle),EXIT,0,0,0.055854,0.059107,3
2026-03-17,IWM,long,1.000,2026-03-23,4,-0.010310,0.024308,2026-03-16,RE-ENTRY (new cycle),EXIT,0,0,-0.011782,-0.010310,3
2026-03-24,IWM,long,1.000,2026-03-30,4,-0.001475,0.053374,2026-03-23,RE-ENTRY (new cycle),EXIT,0,0,-0.001176,-0.001475,3
2026-04-08,IWM,long,1.000,2026-06-18,50,0.129072,-0.034401,2026-04-07,RE-ENTRY (new cycle),FORCED,1,0,0.129411,0.129072,3
2017-03-27,KRE,long,1.000,2017-04-06,8,0.030449,0.014034,2017-03-24,RE-ENTRY (new cycle),EXIT,0,0,0.030759,0.030449,3
2017-04-18,KRE,long,1.000,2017-05-31,30,0.002852,-0.039837,2017-04-17,RE-ENTRY (new cycle),EXIT,0,0,0.003153,0.002852,3
2017-06-12,KRE,long,1.000,2017-08-11,43,-0.054360,-0.055746,2017-06-09,RE-ENTRY (new cycle),EXIT,0,0,-0.054076,-0.054360,3
2017-08-15,KRE,long,1.000,2017-08-18,3,-0.051420,-0.033640,2017-08-14,RE-ENTRY (new cycle),EXIT,0,0,-0.051135,-0.051420,3
2017-08-23,KRE,long,1.000,2017-08-30,5,0.008907,-0.003348,2017-08-22,RE-ENTRY (new cycle),EXIT,0,0,0.009210,0.008907,3
2017-09-12,KRE,long,1.000,2017-10-04,16,0.094471,0.078807,2017-09-11,RE-ENTRY (new cycle),EXIT / TRIM,0,0,0.094799,0.094471,3
2017-11-22,KRE,long,1.000,2018-01-25,42,0.122536,0.043856,2017-11-21,RE-ENTRY (new cycle),EXIT / TRIM,0,0,0.122873,0.122536,3
2018-02-20,KRE,long,1.000,2018-04-03,29,-0.054471,-0.001536,2018-02-16,RE-ENTRY (new cycle),EXIT,0,0,-0.054187,-0.054471,3
2018-06-05,KRE,long,1.000,2018-07-02,19,-0.059571,-0.066958,2018-06-04,RE-ENTRY (new cycle),EXIT,0,0,-0.059289,-0.059571,3
2018-07-03,KRE,long,1.000,2018-07-13,7,-0.004814,-0.030088,2018-07-02,RE-ENTRY (new cycle),EXIT,0,0,-0.004515,-0.004814,3
2018-07-24,KRE,long,1.000,2018-09-19,40,-0.036034,-0.060427,2018-07-23,RE-ENTRY (new cycle),EXIT,0,0,-0.035745,-0.036034,3
2018-10-04,KRE,long,1.000,2018-10-11,5,-0.022739,0.035197,2018-10-03,RE-ENTRY (new cycle),EXIT,0,0,-0.022445,-0.022739,3
2018-10-17,KRE,long,0.500,2018-10-18,1,0.004382,0.020801,2018-10-16,TACTICAL REBOUND (counter-trend),EXIT,0,0,0.004683,0.004382,3
2018-10-26,KRE,long,0.500,2018-10-29,1,0.021312,0.022198,2018-10-25,TACTICAL REBOUND (counter-trend),EXIT,0,0,0.021618,0.021312,3
2018-10-30,KRE,long,0.500,2018-10-31,1,0.019007,0.009170,2018-10-29,TACTICAL REBOUND (counter-trend),EXIT,0,0,0.019313,0.019007,3
2018-12-13,KRE,long,0.500,2018-12-14,1,-0.038124,-0.020653,2018-12-12,TACTICAL REBOUND (counter-trend),EXIT,0,0,-0.037835,-0.038124,3
2018-12-21,KRE,long,0.500,2018-12-24,1,-0.022848,0.001695,2018-12-20,TACTICAL REBOUND (counter-trend),EXIT,0,0,-0.022554,-0.022848,3
2018-12-27,KRE,long,0.500,2018-12-28,1,0.013508,0.005648,2018-12-26,TACTICAL REBOUND (counter-trend),EXIT,0,0,0.013813,0.013508,3
2018-12-31,KRE,long,0.500,2019-01-02,1,-0.012564,-0.006559,2018-12-28,TACTICAL REBOUND (counter-trend),EXIT,0,0,-0.012267,-0.012564,3
2019-01-09,KRE,long,0.500,2019-02-22,30,0.142401,0.087050,2019-01-08,TACTICAL REBOUND (counter-trend),EXIT / TRIM,0,0,0.142744,0.142401,3
2019-03-27,KRE,long,0.500,2019-03-28,1,0.006911,0.000915,2019-03-26,TACTICAL REBOUND (counter-trend),EXIT,0,0,0.007214,0.006911,3
2019-04-11,KRE,long,1.000,2019-05-14,22,-0.016004,0.018759,2019-04-10,RE-ENTRY (new cycle),EXIT,0,0,-0.015709,-0.016004,3
2019-06-04,KRE,long,0.500,2019-06-05,1,0.019000,0.013709,2019-06-03,TACTICAL REBOUND (counter-trend),EXIT,0,0,0.019306,0.019000,3
2019-07-24,KRE,long,1.000,2019-08-05,8,-0.038808,0.023784,2019-07-23,RE-ENTRY (new cycle),EXIT,0,0,-0.038519,-0.038808,3
2019-08-19,KRE,long,0.500,2019-08-20,1,-0.012989,-0.007547,2019-08-16,TACTICAL REBOUND (counter-trend),EXIT,0,0,-0.012693,-0.012989,3
2019-12-05,KRE,long,1.000,2020-01-27,34,-0.024641,-0.114309,2019-12-04,RE-ENTRY (new cycle),EXIT,0,0,-0.024348,-0.024641,3
2020-01-31,KRE,long,1.000,2020-02-03,1,-0.005705,-0.050460,2020-01-30,RE-ENTRY (new cycle),EXIT,0,0,-0.005407,-0.005705,3
2020-02-04,KRE,long,1.000,2020-02-26,15,-0.068074,-0.004643,2020-02-03,RE-ENTRY (new cycle),EXIT,0,0,-0.067794,-0.068074,3
2020-03-03,KRE,long,1.000,2020-03-04,1,-0.027197,-0.054810,2020-03-02,RE-ENTRY (new cycle),EXIT,0,0,-0.026905,-0.027197,3
2020-03-05,KRE,long,0.500,2020-03-06,1,-0.062850,-0.042890,2020-03-04,TACTICAL REBOUND (counter-trend),EXIT,0,0,-0.062569,-0.062850,3
2020-03-16,KRE,long,0.500,2020-03-17,1,0.026561,0.007540,2020-03-13,TACTICAL REBOUND (counter-trend),EXIT,0,0,0.026869,0.026561,3
2020-03-18,KRE,long,0.500,2020-03-19,1,-0.052588,-0.099494,2020-03-17,TACTICAL REBOUND (counter-trend),EXIT,0,0,-0.052304,-0.052588,3
2020-03-20,KRE,long,0.500,2020-03-23,1,-0.080817,-0.064171,2020-03-19,TACTICAL REBOUND (counter-trend),EXIT,0,0,-0.080541,-0.080817,3
2020-03-25,KRE,long,0.500,2020-03-26,1,-0.003711,-0.038046,2020-03-24,TACTICAL REBOUND (counter-trend),EXIT,0,0,-0.003412,-0.003711,3
2020-03-27,KRE,long,0.500,2020-03-30,1,0.004527,-0.007431,2020-03-26,TACTICAL REBOUND (counter-trend),EXIT,0,0,0.004828,0.004527,3
2020-05-26,KRE,long,0.500,2020-05-28,2,0.131303,0.130258,2020-05-22,TACTICAL REBOUND (counter-trend),EXIT / TRIM,0,0,0.131643,0.131303,3
2020-06-17,KRE,long,1.000,2020-06-25,6,-0.117525,-0.114929,2020-06-16,RE-ENTRY (new cycle),EXIT,0,0,-0.117261,-0.117525,3
2020-07-27,KRE,long,1.000,2020-08-21,19,-0.009738,-0.145086,2020-07-24,RE-ENTRY (new cycle),EXIT,0,0,-0.009440,-0.009738,3
2020-08-28,KRE,long,1.000,2020-09-09,7,-0.031760,0.050241,2020-08-27,RE-ENTRY (new cycle),EXIT,0,0,-0.031470,-0.031760,3
2020-09-28,KRE,long,0.500,2020-09-29,1,0.014456,0.017023,2020-09-25,TACTICAL REBOUND (counter-trend),EXIT,0,0,0.014761,0.014456,3
2020-10-08,KRE,long,1.000,2020-11-10,23,0.204296,0.219192,2020-10-07,RE-ENTRY (new cycle),EXIT / TRIM,0,0,0.204657,0.204296,3
2021-02-05,KRE,long,1.000,2021-02-25,13,0.150326,0.269445,2021-02-04,RE-ENTRY (new cycle),EXIT / TRIM,0,0,0.150671,0.150326,3
2021-04-07,KRE,long,1.000,2021-06-21,52,-0.046616,-0.035633,2021-04-06,RE-ENTRY (new cycle),EXIT,0,0,-0.046330,-0.046616,3
2021-06-22,KRE,long,1.000,2021-06-29,5,0.007906,-0.043518,2021-06-21,RE-ENTRY (new cycle),EXIT,0,0,0.008208,0.007906,3
2021-07-12,KRE,long,1.000,2021-07-15,3,-0.022750,0.016658,2021-07-09,RE-ENTRY (new cycle),EXIT,0,0,-0.022457,-0.022750,3
2021-07-21,KRE,long,1.000,2021-09-21,43,0.005828,-0.038566,2021-07-20,RE-ENTRY (new cycle),EXIT,0,0,0.000665,0.005828,3
2021-09-29,KRE,long,1.000,2021-12-14,53,0.012198,-0.076768,2021-09-28,RE-ENTRY (new cycle),EXIT,0,0,0.012502,0.012198,3
2021-12-22,KRE,long,1.000,2022-01-11,13,0.126234,0.109434,2021-12-21,RE-ENTRY (new cycle),EXIT / TRIM,0,0,0.126572,0.126234,3
2022-02-09,KRE,long,1.000,2022-03-02,14,-0.067113,-0.024058,2022-02-08,RE-ENTRY (new cycle),EXIT,0,0,-0.066833,-0.067113,3
2022-03-23,KRE,long,1.000,2022-04-05,9,-0.054271,-0.103066,2022-03-22,RE-ENTRY (new cycle),EXIT,0,0,-0.053987,-0.054271,3
2022-04-12,KRE,long,1.000,2022-04-18,3,-0.012859,-0.018202,2022-04-11,RE-ENTRY (new cycle),EXIT,0,0,-0.012562,-0.012859,3
2022-04-19,KRE,long,0.500,2022-04-20,1,0.033156,0.065134,2022-04-18,TACTICAL REBOUND (counter-trend),EXIT,0,0,0.033466,0.033156,3
2022-04-29,KRE,long,0.500,2022-05-02,1,-0.020726,-0.048528,2022-04-28,TACTICAL REBOUND (counter-trend),EXIT,0,0,-0.020432,-0.020726,3
2022-05-03,KRE,long,0.500,2022-05-04,1,0.010210,-0.030033,2022-05-02,TACTICAL REBOUND (counter-trend),EXIT,0,0,0.010513,0.010210,3
2022-05-16,KRE,long,0.500,2022-05-17,1,0.011996,-0.025888,2022-05-13,TACTICAL REBOUND (counter-trend),EXIT,0,0,0.012300,0.011996,3
2022-05-18,KRE,long,0.500,2022-05-19,1,-0.025524,-0.030262,2022-05-17,TACTICAL REBOUND (counter-trend),EXIT,0,0,-0.025231,-0.025524,3
2022-06-21,KRE,long,0.500,2022-06-22,1,-0.008721,-0.008377,2022-06-17,TACTICAL REBOUND (counter-trend),EXIT,0,0,-0.014506,-0.008721,3
2022-09-08,KRE,long,0.500,2022-09-14,4,0.020553,-0.000863,2022-09-07,TACTICAL REBOUND (counter-trend),EXIT,0,0,0.020859,0.020553,3
2022-09-29,KRE,long,0.500,2022-09-30,1,-0.004139,0.005706,2022-09-28,TACTICAL REBOUND (counter-trend),EXIT,0,0,-0.003840,-0.004139,3
2022-10-04,KRE,long,0.500,2022-10-06,2,0.013160,0.040858,2022-10-03,TACTICAL REBOUND (counter-trend),EXIT,0,0,0.013464,0.013160,3
2022-10-14,KRE,long,1.000,2022-10-21,5,-0.048024,-0.087943,2022-10-13,RE-ENTRY (new cycle),EXIT,0,0,-0.047738,-0.048024,3
2022-11-23,KRE,long,1.000,2022-12-06,8,-0.050773,-0.020572,2022-11-22,RE-ENTRY (new cycle),EXIT,0,0,-0.050488,-0.050773,3
2022-12-21,KRE,long,0.500,2022-12-22,1,0.001829,0.043669,2022-12-20,TACTICAL REBOUND (counter-trend),EXIT,0,0,0.002129,0.001829,3
2023-03-17,KRE,long,0.500,2023-03-20,1,-0.008933,-0.019273,2023-03-16,TACTICAL REBOUND (counter-trend),EXIT,0,0,-0.008635,-0.008933,3
2023-03-21,KRE,long,0.500,2023-03-22,1,0.003330,0.030886,2023-03-20,TACTICAL REBOUND (counter-trend),EXIT,0,0,0.003631,0.003330,3
2023-03-27,KRE,long,0.500,2023-03-28,1,-0.029410,-0.020500,2023-03-24,TACTICAL REBOUND (counter-trend),EXIT,0,0,-0.029119,-0.029410,3
2023-03-30,KRE,long,0.500,2023-03-31,1,-0.022824,-0.063506,2023-03-29,TACTICAL REBOUND (counter-trend),EXIT,0,0,-0.022530,-0.022824,3
2023-04-12,KRE,long,0.500,2023-04-13,1,-0.013990,-0.034404,2023-04-11,TACTICAL REBOUND (counter-trend),EXIT,0,0,-0.013694,-0.013990,3
2023-05-08,KRE,long,0.500,2023-05-09,1,-0.052275,-0.044031,2023-05-05,TACTICAL REBOUND (counter-trend),EXIT,0,0,-0.051991,-0.052275,3
2023-05-15,KRE,long,0.500,2023-05-16,1,0.036994,0.043331,2023-05-12,TACTICAL REBOUND (counter-trend),EXIT,0,0,0.037305,0.036994,3
2023-07-11,KRE,long,0.500,2023-08-16,26,0.074683,0.166425,2023-07-10,TACTICAL REBOUND (counter-trend),EXIT,0,0,0.075005,0.074683,3
2023-08-24,KRE,long,0.500,2023-08-28,2,0.003753,-0.019326,2023-08-23,TACTICAL REBOUND (counter-trend),EXIT,0,0,0.004054,0.003753,3
2023-09-26,KRE,long,0.500,2023-09-27,1,0.000371,0.005511,2023-09-25,TACTICAL REBOUND (counter-trend),EXIT,0,0,0.000671,0.000371,3
2023-09-29,KRE,long,0.500,2023-10-02,1,0.001560,0.002266,2023-09-28,TACTICAL REBOUND (counter-trend),EXIT,0,0,0.001860,0.001560,3
2023-10-05,KRE,long,0.500,2023-10-06,1,0.003618,-0.005784,2023-10-04,TACTICAL REBOUND (counter-trend),EXIT,0,0,0.003919,0.003618,3
2023-10-27,KRE,long,0.500,2023-10-30,1,-0.009667,0.007726,2023-10-26,TACTICAL REBOUND (counter-trend),EXIT,0,0,-0.009370,-0.009667,3
2024-01-09,KRE,long,1.000,2024-02-08,21,-0.098599,-0.034958,2024-01-08,RE-ENTRY (new cycle),EXIT,0,0,-0.098329,-0.098599,3
2024-02-09,KRE,long,1.000,2024-02-14,3,0.007254,0.013869,2024-02-08,RE-ENTRY (new cycle),EXIT,0,0,0.007557,0.007254,3
2024-04-29,KRE,long,1.000,2024-06-11,30,-0.045045,-0.027094,2024-04-26,RE-ENTRY (new cycle),EXIT,0,0,-0.044759,-0.045045,3
2024-06-13,KRE,long,1.000,2024-06-17,2,-0.026239,-0.036846,2024-06-12,RE-ENTRY (new cycle),EXIT,0,0,-0.025947,-0.026239,3
2024-07-01,KRE,long,1.000,2024-07-17,11,0.127429,0.027810,2024-06-28,RE-ENTRY (new cycle),EXIT / TRIM,0,0,0.127767,0.127429,3
2024-08-20,KRE,long,1.000,2024-11-07,56,0.208694,0.001653,2024-08-19,RE-ENTRY (new cycle),EXIT / TRIM,0,0,0.202126,0.208694,3
2024-12-12,KRE,long,1.000,2025-01-13,19,-0.115165,-0.068827,2024-12-11,RE-ENTRY (new cycle),EXIT,0,0,-0.121163,-0.115165,3
2025-01-14,KRE,long,1.000,2025-03-05,34,-0.012961,0.146338,2025-01-13,RE-ENTRY (new cycle),EXIT,0,0,-0.012665,-0.012961,3
2025-03-13,KRE,long,1.000,2025-04-07,17,-0.145149,-0.091269,2025-03-12,RE-ENTRY (new cycle),EXIT,0,0,-0.151648,-0.145149,3
2025-04-10,KRE,long,1.000,2025-04-11,1,-0.049073,-0.058429,2025-04-09,RE-ENTRY (new cycle),EXIT,0,0,-0.048787,-0.049073,3
2025-04-15,KRE,long,0.500,2025-04-16,1,0.009746,0.042821,2025-04-14,TACTICAL REBOUND (counter-trend),EXIT,0,0,0.010049,0.009746,3
2025-05-28,KRE,long,1.000,2025-07-10,29,0.100457,0.104610,2025-05-27,RE-ENTRY (new cycle),EXIT / TRIM,0,0,0.094005,0.100457,3
2025-09-18,KRE,long,1.000,2025-10-10,16,-0.018206,-0.003363,2025-09-17,RE-ENTRY (new cycle),EXIT,0,0,-0.024099,-0.018206,3
2026-01-07,KRE,long,1.000,2026-03-09,41,-0.050414,0.016571,2026-01-06,RE-ENTRY (new cycle),EXIT,0,0,-0.050129,-0.050414,3
2026-03-17,KRE,long,1.000,2026-06-18,65,0.122913,0.039557,2026-03-16,RE-ENTRY (new cycle),FORCED,1,0,0.117569,0.122913,3
2017-03-13,RSP,long,1.000,2017-04-17,24,-0.012583,-0.022719,2017-03-10,RE-ENTRY (new cycle),EXIT,0,0,-0.012286,-0.012583,3
2017-04-26,RSP,long,1.000,2017-08-21,81,-0.003754,-0.029063,2017-04-25,RE-ENTRY (new cycle),EXIT,0,0,-0.003455,-0.003754,3
2017-08-23,RSP,long,1.000,2017-10-09,32,0.046774,0.001292,2017-08-22,RE-ENTRY (new cycle),EXIT / TRIM,0,0,0.047088,0.046774,3
2017-11-06,RSP,long,1.000,2017-12-04,19,0.040525,0.012491,2017-11-03,RE-ENTRY (new cycle),EXIT / TRIM,0,0,0.040837,0.040525,3
2018-02-12,RSP,long,1.000,2018-03-26,29,-0.002423,-0.007533,2018-02-09,RE-ENTRY (new cycle),EXIT,0,0,-0.002124,-0.002423,3
2018-03-27,RSP,long,1.000,2018-03-28,1,-0.014407,-0.003967,2018-03-26,RE-ENTRY (new cycle),EXIT,0,0,-0.014111,-0.014407,3
2018-04-17,RSP,long,1.000,2018-10-11,124,0.004634,0.029079,2018-04-16,RE-ENTRY (new cycle),EXIT,0,0,0.004936,0.004634,3
2018-10-17,RSP,long,1.000,2018-10-24,5,-0.031006,0.017768,2018-10-16,RE-ENTRY (new cycle),EXIT,0,0,-0.030715,-0.031006,3
2018-10-26,RSP,long,1.000,2018-10-29,1,0.008989,0.009875,2018-10-25,RE-ENTRY (new cycle),EXIT,0,0,0.009292,0.008989,3
2018-10-30,RSP,long,1.000,2018-11-15,12,0.026564,0.000976,2018-10-29,RE-ENTRY (new cycle),EXIT,0,0,0.026872,0.026564,3
2018-12-27,RSP,long,0.500,2018-12-28,1,0.025591,0.017730,2018-12-26,TACTICAL REBOUND (counter-trend),EXIT,0,0,0.025898,0.025591,3
2019-03-14,RSP,long,1.000,2019-05-21,47,0.003715,0.035130,2019-03-13,RE-ENTRY (new cycle),EXIT,0,0,0.004016,0.003715,3
2019-06-04,RSP,long,1.000,2019-08-13,49,0.018875,-0.019218,2019-06-03,RE-ENTRY (new cycle),EXIT,0,0,0.019181,0.018875,3
2019-08-19,RSP,long,1.000,2019-08-26,5,-0.018080,0.001652,2019-08-16,RE-ENTRY (new cycle),EXIT,0,0,-0.017785,-0.018080,3
2019-09-05,RSP,long,1.000,2019-11-19,53,0.053561,-0.041298,2019-09-04,RE-ENTRY (new cycle),EXIT / TRIM,0,0,0.053877,0.053561,3
2019-12-06,RSP,long,1.000,2020-02-28,56,-0.100947,-0.155247,2019-12-05,RE-ENTRY (new cycle),EXIT,0,0,-0.100677,-0.100947,3
2020-03-03,RSP,long,1.000,2020-03-09,4,-0.111097,-0.012468,2020-03-02,RE-ENTRY (new cycle),EXIT,0,0,-0.110830,-0.111097,3
2020-03-11,RSP,long,1.000,2020-03-12,1,-0.094219,-0.008230,2020-03-10,RE-ENTRY (new cycle),EXIT,0,0,-0.093947,-0.094219,3
2020-03-16,RSP,long,0.500,2020-03-17,1,0.004107,-0.014914,2020-03-13,TACTICAL REBOUND (counter-trend),EXIT,0,0,0.004408,0.004107,3
2020-03-18,RSP,long,0.500,2020-03-19,1,-0.014081,-0.060987,2020-03-17,TACTICAL REBOUND (counter-trend),EXIT,0,0,-0.013785,-0.014081,3
2020-03-20,RSP,long,0.500,2020-03-23,1,-0.068341,-0.051695,2020-03-19,TACTICAL REBOUND (counter-trend),EXIT,0,0,-0.068061,-0.068341,3
2020-03-25,RSP,long,0.500,2020-03-26,1,0.030259,-0.004076,2020-03-24,TACTICAL REBOUND (counter-trend),EXIT,0,0,0.030568,0.030259,3
2020-05-20,RSP,long,1.000,2020-06-08,12,0.160292,0.053367,2020-05-19,RE-ENTRY (new cycle),EXIT / TRIM,0,0,0.160640,0.160292,3
2020-06-17,RSP,long,1.000,2020-06-29,8,-0.061365,-0.060605,2020-06-16,RE-ENTRY (new cycle),EXIT,0,0,-0.061083,-0.061365,3
2020-07-09,RSP,long,1.000,2021-09-29,309,0.519463,-0.362434,2020-07-08,RE-ENTRY (new cycle),EXIT,0,0,0.494796,0.519463,3
2021-10-15,RSP,long,1.000,2021-12-21,46,0.002755,-0.026583,2021-10-14,RE-ENTRY (new cycle),EXIT,0,0,0.000148,0.002755,3
2021-12-28,RSP,long,1.000,2022-01-26,20,-0.050866,0.085730,2021-12-27,RE-ENTRY (new cycle),EXIT,0,0,-0.050581,-0.050866,3
2022-01-31,RSP,long,1.000,2022-02-24,17,-0.039910,0.059114,2022-01-28,RE-ENTRY (new cycle),EXIT,0,0,-0.039622,-0.039910,3
2022-03-21,RSP,long,1.000,2022-05-02,29,-0.052469,0.007144,2022-03-18,RE-ENTRY (new cycle),EXIT,0,0,-0.056368,-0.052469,3
2022-05-13,RSP,long,0.500,2022-05-16,1,0.009423,0.046864,2022-05-12,TACTICAL REBOUND (counter-trend),EXIT,0,0,0.009726,0.009423,3
2022-06-22,RSP,long,0.500,2022-06-23,1,0.015794,0.005581,2022-06-21,TACTICAL REBOUND (counter-trend),EXIT,0,0,0.016099,0.015794,3
2022-06-24,RSP,long,0.500,2022-06-27,1,0.026377,0.031016,2022-06-23,TACTICAL REBOUND (counter-trend),EXIT,0,0,0.026685,0.026377,3
2022-08-26,RSP,long,1.000,2022-08-29,1,-0.041018,-0.030313,2022-08-25,RE-ENTRY (new cycle),EXIT,0,0,-0.040731,-0.041018,3
2022-09-29,RSP,long,0.500,2022-09-30,1,-0.011365,-0.001520,2022-09-28,TACTICAL REBOUND (counter-trend),EXIT,0,0,-0.011068,-0.011365,3
2022-10-04,RSP,long,0.500,2022-10-05,1,0.005719,0.025743,2022-10-03,TACTICAL REBOUND (counter-trend),EXIT,0,0,0.006021,0.005719,3
2022-12-13,RSP,long,1.000,2022-12-19,4,-0.061998,-0.003604,2022-12-12,RE-ENTRY (new cycle),EXIT,0,0,-0.061716,-0.061998,3
2023-01-09,RSP,long,1.000,2023-03-08,40,0.002960,-0.217760,2023-01-06,RE-ENTRY (new cycle),EXIT,0,0,0.003261,0.002960,3
2023-03-15,RSP,long,1.000,2023-03-16,1,-0.004869,-0.024162,2023-03-14,RE-ENTRY (new cycle),EXIT,0,0,-0.004571,-0.004869,3
2023-03-17,RSP,long,1.000,2023-03-21,2,0.009623,-0.048341,2023-03-16,RE-ENTRY (new cycle),EXIT,0,0,0.004986,0.009623,3
2023-04-04,RSP,long,1.000,2023-04-27,16,-0.022720,0.056147,2023-04-03,RE-ENTRY (new cycle),EXIT,0,0,-0.022427,-0.022720,3
2023-06-07,RSP,long,1.000,2023-07-21,30,0.072462,-0.040942,2023-06-06,RE-ENTRY (new cycle),EXIT / TRIM,0,0,0.068339,0.072462,3
2023-08-08,RSP,long,1.000,2023-09-13,25,-0.023196,-0.055048,2023-08-07,RE-ENTRY (new cycle),EXIT,0,0,-0.022903,-0.023196,3
2023-09-29,RSP,long,1.000,2023-10-03,2,-0.026390,-0.004797,2023-09-28,RE-ENTRY (new cycle),EXIT,0,0,-0.026098,-0.026390,3
2023-10-05,RSP,long,1.000,2023-10-10,3,0.015709,-0.009224,2023-10-04,RE-ENTRY (new cycle),EXIT,0,0,0.016014,0.015709,3
2023-10-31,RSP,long,0.500,2023-11-01,1,0.005617,-0.010483,2023-10-30,TACTICAL REBOUND (counter-trend),EXIT,0,0,0.005919,0.005617,3
2024-01-24,RSP,long,1.000,2024-05-02,69,0.029600,0.068497,2024-01-23,RE-ENTRY (new cycle),EXIT,0,0,0.025596,0.029600,3
2024-05-09,RSP,long,1.000,2024-07-02,36,-0.003252,-0.142348,2024-05-08,RE-ENTRY (new cycle),EXIT,0,0,-0.006988,-0.003252,3
2024-07-15,RSP,long,1.000,2024-07-18,3,0.011073,0.023866,2024-07-12,RE-ENTRY (new cycle),EXIT / TRIM,0,0,0.011376,0.011073,3
2024-08-16,RSP,long,1.000,2025-01-13,101,0.020415,-0.389797,2024-08-15,RE-ENTRY (new cycle),EXIT,0,0,0.013000,0.020415,3
2025-01-14,RSP,long,1.000,2025-03-07,36,-0.004760,0.187648,2025-01-13,RE-ENTRY (new cycle),EXIT,0,0,-0.004462,-0.004760,3
2025-03-17,RSP,long,1.000,2025-04-07,15,-0.106057,-0.033285,2025-03-14,RE-ENTRY (new cycle),EXIT,0,0,-0.110600,-0.106057,3
2025-04-10,RSP,long,0.500,2025-04-11,1,-0.016765,-0.026121,2025-04-09,TACTICAL REBOUND (counter-trend),EXIT,0,0,-0.016470,-0.016765,3
2025-07-18,RSP,long,1.000,2025-11-07,79,0.007565,-0.175415,2025-07-17,RE-ENTRY (new cycle),EXIT,0,0,0.003431,0.007565,3
2025-11-24,RSP,long,1.000,2026-03-23,80,0.037653,0.122187,2025-11-21,RE-ENTRY (new cycle),EXIT,0,0,0.033861,0.037653,3
2026-03-24,RSP,long,1.000,2026-03-30,4,-0.003144,0.051706,2026-03-23,RE-ENTRY (new cycle),EXIT,0,0,-0.002845,-0.003144,3
2026-04-01,RSP,long,1.000,2026-06-18,54,0.089825,-0.039560,2026-03-31,RE-ENTRY (new cycle),FORCED,1,0,0.090152,0.089825,3
2022-03-17,SOFI,long,0.500,2022-03-18,1,0.042649,0.013328,2022-03-16,TACTICAL REBOUND (counter-trend),EXIT,0,0,0.042962,0.042649,3
2022-04-14,SOFI,long,0.500,2022-04-18,1,-0.052788,-0.057622,2022-04-13,TACTICAL REBOUND (counter-trend),EXIT,0,0,-0.052504,-0.052788,3
2022-04-20,SOFI,long,0.500,2022-04-21,1,-0.045410,-0.050897,2022-04-19,TACTICAL REBOUND (counter-trend),EXIT,0,0,-0.045123,-0.045410,3
2022-04-26,SOFI,long,0.500,2022-04-27,1,-0.039038,-0.040229,2022-04-25,TACTICAL REBOUND (counter-trend),EXIT,0,0,-0.038750,-0.039038,3
2022-04-29,SOFI,long,0.500,2022-05-02,1,-0.042176,-0.069978,2022-04-28,TACTICAL REBOUND (counter-trend),EXIT,0,0,-0.041889,-0.042176,3
2022-05-03,SOFI,long,0.500,2022-05-04,1,0.012131,-0.028112,2022-05-02,TACTICAL REBOUND (counter-trend),EXIT,0,0,0.012435,0.012131,3
2022-05-13,SOFI,long,0.500,2022-05-16,1,0.153913,0.191354,2022-05-12,TACTICAL REBOUND (counter-trend),EXIT,0,0,0.154259,0.153913,3
2022-06-15,SOFI,long,0.500,2022-06-16,1,-0.040912,0.022669,2022-06-14,TACTICAL REBOUND (counter-trend),EXIT,0,0,-0.040624,-0.040912,3
2022-09-29,SOFI,long,0.500,2022-09-30,1,-0.059158,-0.049313,2022-09-28,TACTICAL REBOUND (counter-trend),EXIT,0,0,-0.058876,-0.059158,3
2022-10-03,SOFI,long,0.500,2022-10-04,1,0.065150,0.031390,2022-09-30,TACTICAL REBOUND (counter-trend),EXIT,0,0,0.065470,0.065150,3
2023-03-07,SOFI,long,1.000,2023-03-10,3,-0.121243,-0.060441,2023-03-06,RE-ENTRY (new cycle),EXIT,0,0,-0.120979,-0.121243,3
2023-03-17,SOFI,long,0.500,2023-03-20,1,-0.000600,-0.010940,2023-03-16,TACTICAL REBOUND (counter-trend),EXIT,0,0,-0.000300,-0.000600,3
2023-03-22,SOFI,long,0.500,2023-03-23,1,-0.024765,-0.026542,2023-03-21,TACTICAL REBOUND (counter-trend),EXIT,0,0,-0.024472,-0.024765,3
2023-04-05,SOFI,long,0.500,2023-04-26,14,-0.010815,0.071879,2023-04-04,TACTICAL REBOUND (counter-trend),EXIT,0,0,-0.010518,-0.010815,3
2023-05-08,SOFI,long,0.500,2023-05-09,1,0.032199,0.040443,2023-05-05,TACTICAL REBOUND (counter-trend),EXIT,0,0,0.032509,0.032199,3
2023-05-30,SOFI,long,0.500,2023-05-31,1,0.066485,0.058945,2023-05-26,TACTICAL REBOUND (counter-trend),EXIT / TRIM,0,0,0.066805,0.066485,3
2023-07-11,SOFI,long,1.000,2023-07-20,7,0.092420,0.093699,2023-07-10,RE-ENTRY (new cycle),EXIT / TRIM,0,0,0.092748,0.092420,3
2023-09-12,SOFI,long,1.000,2023-09-26,10,-0.158639,-0.085407,2023-09-11,RE-ENTRY (new cycle),EXIT,0,0,-0.158387,-0.158639,3
2023-09-28,SOFI,long,1.000,2023-10-04,4,-0.025585,-0.046133,2023-09-27,RE-ENTRY (new cycle),EXIT,0,0,-0.025293,-0.025585,3
2023-10-05,SOFI,long,1.000,2023-10-26,15,-0.051782,0.072780,2023-10-04,RE-ENTRY (new cycle),EXIT,0,0,-0.051498,-0.051782,3
2023-10-31,SOFI,long,1.000,2023-11-17,13,-0.034670,-0.164661,2023-10-30,RE-ENTRY (new cycle),EXIT,0,0,-0.034381,-0.034670,3
2024-06-12,SOFI,long,0.500,2024-06-14,2,-0.064718,-0.058744,2024-06-11,TACTICAL REBOUND (counter-trend),EXIT,0,0,-0.064437,-0.064718,3
2024-06-25,SOFI,long,0.500,2024-06-26,1,-0.021994,-0.037725,2024-06-24,TACTICAL REBOUND (counter-trend),EXIT,0,0,-0.021700,-0.021994,3
2024-08-20,SOFI,long,1.000,2024-09-09,13,-0.047933,-0.028308,2024-08-19,RE-ENTRY (new cycle),EXIT,0,0,-0.047647,-0.047933,3
2024-09-16,SOFI,long,1.000,2024-10-14,20,0.242148,0.225558,2024-09-13,RE-ENTRY (new cycle),EXIT / TRIM,0,0,0.242521,0.242148,3
2024-12-24,SOFI,long,1.000,2025-01-22,17,0.147436,0.191767,2024-12-23,RE-ENTRY (new cycle),EXIT / TRIM,0,0,0.147780,0.147436,3
2025-03-13,SOFI,long,1.000,2025-04-09,19,-0.217137,-0.276434,2025-03-12,RE-ENTRY (new cycle),EXIT,0,0,-0.216902,-0.217137,3
2025-04-10,SOFI,long,1.000,2025-04-29,12,0.290816,0.170305,2025-04-09,RE-ENTRY (new cycle),EXIT / TRIM,0,0,0.291203,0.290816,3
2025-05-28,SOFI,long,1.000,2025-06-27,21,0.262871,0.269091,2025-05-27,RE-ENTRY (new cycle),EXIT / TRIM,0,0,0.263250,0.262871,3
2025-10-10,SOFI,long,1.000,2025-10-29,13,0.102491,0.017697,2025-10-09,RE-ENTRY (new cycle),EXIT / TRIM,0,0,0.102821,0.102491,3
2025-11-11,SOFI,long,1.000,2025-12-10,20,-0.119391,-0.126714,2025-11-10,RE-ENTRY (new cycle),EXIT,0,0,-0.119127,-0.119391,3
2026-01-06,SOFI,long,1.000,2026-01-28,15,-0.128132,-0.124622,2026-01-05,RE-ENTRY (new cycle),EXIT,0,0,-0.127870,-0.128132,3
2026-02-09,SOFI,long,1.000,2026-02-13,4,-0.094954,-0.093333,2026-02-06,RE-ENTRY (new cycle),EXIT,0,0,-0.094682,-0.094954,3
2026-02-17,SOFI,long,1.000,2026-02-24,5,-0.073199,-0.059279,2026-02-13,RE-ENTRY (new cycle),EXIT,0,0,-0.072921,-0.073199,3
2026-02-25,SOFI,long,1.000,2026-03-13,12,-0.077317,-0.032277,2026-02-24,RE-ENTRY (new cycle),EXIT,0,0,-0.077041,-0.077317,3
2026-04-01,SOFI,long,0.500,2026-04-02,1,-0.067227,-0.041768,2026-03-31,TACTICAL REBOUND (counter-trend),EXIT,0,0,-0.066947,-0.067227,3
2026-04-06,SOFI,long,0.500,2026-04-07,1,0.016382,0.021245,2026-04-02,TACTICAL REBOUND (counter-trend),EXIT,0,0,0.016687,0.016382,3
2026-06-01,SOFI,long,1.000,2026-06-02,1,-0.007207,-0.013029,2026-05-29,RE-ENTRY (new cycle),EXIT / TRIM,0,0,-0.006910,-0.007207,3
2017-04-25,SPY,long,1.000,2017-10-09,116,0.069637,-0.017113,2017-04-24,RE-ENTRY (new cycle),EXIT / TRIM,0,0,0.069958,0.069637,3
2017-11-17,SPY,long,1.000,2017-11-30,8,0.020842,-0.005562,2017-11-16,RE-ENTRY (new cycle),EXIT / TRIM,0,0,0.021148,0.020842,3
2018-02-26,SPY,long,1.000,2018-03-26,20,-0.050583,-0.007877,2018-02-23,RE-ENTRY (new cycle),EXIT,0,0,-0.050298,-0.050583,3
2018-03-27,SPY,long,1.000,2018-03-28,1,-0.020951,-0.010511,2018-03-26,RE-ENTRY (new cycle),EXIT,0,0,-0.020657,-0.020951,3
2018-04-17,SPY,long,1.000,2018-10-16,127,0.026377,0.019225,2018-04-16,RE-ENTRY (new cycle),EXIT,0,0,0.026685,0.026377,3
2018-10-17,SPY,long,1.000,2018-10-25,6,-0.047142,-0.024015,2018-10-16,RE-ENTRY (new cycle),EXIT,0,0,-0.046856,-0.047142,3
2018-10-26,SPY,long,1.000,2018-10-29,1,0.010224,0.011110,2018-10-25,RE-ENTRY (new cycle),EXIT,0,0,0.010527,0.010224,3
2018-10-31,SPY,long,1.000,2018-12-10,26,-0.027482,-0.023741,2018-10-30,RE-ENTRY (new cycle),EXIT,0,0,-0.027190,-0.027482,3
2018-12-27,SPY,long,0.500,2018-12-28,1,0.028282,0.020421,2018-12-26,TACTICAL REBOUND (counter-trend),EXIT,0,0,0.028590,0.028282,3
2019-03-12,SPY,long,1.000,2019-04-25,31,0.046172,0.040465,2019-03-11,RE-ENTRY (new cycle),EXIT / TRIM,0,0,0.046486,0.046172,3
2019-06-05,SPY,long,1.000,2019-08-13,48,0.018551,-0.014078,2019-06-04,RE-ENTRY (new cycle),EXIT,0,0,0.018856,0.018551,3
2019-10-16,SPY,long,1.000,2019-11-20,25,0.042643,-0.031481,2019-10-15,RE-ENTRY (new cycle),EXIT / TRIM,0,0,0.042955,0.042643,3
2019-12-09,SPY,long,1.000,2019-12-23,10,0.022125,-0.020958,2019-12-06,RE-ENTRY (new cycle),EXIT / TRIM,0,0,0.022432,0.022125,3
2020-01-31,SPY,long,1.000,2020-03-02,20,-0.088590,-0.091902,2020-01-30,RE-ENTRY (new cycle),EXIT,0,0,-0.088316,-0.088590,3
2020-03-03,SPY,long,1.000,2020-03-09,4,-0.111034,-0.012406,2020-03-02,RE-ENTRY (new cycle),EXIT,0,0,-0.110768,-0.111034,3
2020-03-11,SPY,long,1.000,2020-03-12,1,-0.088541,-0.002553,2020-03-10,RE-ENTRY (new cycle),EXIT,0,0,-0.088268,-0.088541,3
2020-03-16,SPY,long,1.000,2020-03-17,1,0.015395,-0.003625,2020-03-13,RE-ENTRY (new cycle),EXIT,0,0,0.015700,0.015395,3
2020-03-18,SPY,long,1.000,2020-03-19,1,0.012091,-0.034815,2020-03-17,RE-ENTRY (new cycle),EXIT,0,0,0.012395,0.012091,3
2020-03-20,SPY,long,0.500,2020-03-23,1,-0.059691,-0.043045,2020-03-19,TACTICAL REBOUND (counter-trend),EXIT,0,0,-0.059409,-0.059691,3
2020-03-25,SPY,long,0.500,2020-03-26,1,0.018378,-0.015956,2020-03-24,TACTICAL REBOUND (counter-trend),EXIT,0,0,0.018684,0.018378,3
2020-05-19,SPY,long,1.000,2020-06-10,15,0.091310,-0.039502,2020-05-18,RE-ENTRY (new cycle),EXIT / TRIM,0,0,0.091638,0.091310,3
2020-06-17,SPY,long,1.000,2020-09-01,53,0.114401,-0.363382,2020-06-16,RE-ENTRY (new cycle),EXIT / TRIM,0,0,0.114735,0.114401,3
2020-10-09,SPY,long,1.000,2021-04-20,131,0.205344,-0.184256,2020-10-08,RE-ENTRY (new cycle),EXIT / TRIM,0,0,0.197436,0.205344,3
2021-05-21,SPY,long,1.000,2021-09-29,90,0.050045,-0.106617,2021-05-20,RE-ENTRY (new cycle),EXIT,0,0,0.043633,0.050045,3
2021-10-04,SPY,long,1.000,2021-10-05,1,-0.006970,-0.012248,2021-10-01,RE-ENTRY (new cycle),EXIT,0,0,-0.006672,-0.006970,3
2021-10-19,SPY,long,1.000,2021-11-10,16,0.036489,-0.080355,2021-10-18,RE-ENTRY (new cycle),EXIT / TRIM,0,0,0.036800,0.036489,3
2021-12-09,SPY,long,1.000,2022-01-24,30,-0.074214,0.012159,2021-12-08,RE-ENTRY (new cycle),EXIT,0,0,-0.077432,-0.074214,3
2022-01-31,SPY,long,1.000,2022-02-24,17,-0.069048,0.029977,2022-01-28,RE-ENTRY (new cycle),EXIT,0,0,-0.068768,-0.069048,3
2022-02-25,SPY,long,1.000,2022-03-02,3,0.005821,-0.044319,2022-02-24,RE-ENTRY (new cycle),EXIT,0,0,0.006123,0.005821,3
2022-03-10,SPY,long,1.000,2022-03-14,2,-0.004455,0.059168,2022-03-09,RE-ENTRY (new cycle),EXIT,0,0,-0.004157,-0.004455,3
2022-04-29,SPY,long,1.000,2022-05-02,1,-0.027780,-0.055581,2022-04-28,RE-ENTRY (new cycle),EXIT,0,0,-0.027488,-0.027780,3
2022-05-16,SPY,long,0.500,2022-05-17,1,0.015766,-0.022118,2022-05-13,TACTICAL REBOUND (counter-trend),EXIT,0,0,0.016071,0.015766,3
2022-06-22,SPY,long,0.500,2022-06-23,1,0.015633,0.005421,2022-06-21,TACTICAL REBOUND (counter-trend),EXIT,0,0,0.015938,0.015633,3
2022-08-26,SPY,long,1.000,2022-08-29,1,-0.041563,-0.030858,2022-08-25,RE-ENTRY (new cycle),EXIT,0,0,-0.041276,-0.041563,3
2022-09-08,SPY,long,0.500,2022-09-09,1,0.017978,-0.012040,2022-09-07,TACTICAL REBOUND (counter-trend),EXIT,0,0,0.018284,0.017978,3
2022-09-29,SPY,long,0.500,2022-09-30,1,-0.014250,-0.004405,2022-09-28,TACTICAL REBOUND (counter-trend),EXIT,0,0,-0.013954,-0.014250,3
2022-10-04,SPY,long,0.500,2022-10-05,1,0.002057,0.022080,2022-10-03,TACTICAL REBOUND (counter-trend),EXIT,0,0,0.002358,0.002057,3
2022-10-14,SPY,long,0.500,2022-10-17,1,-0.012911,-0.062640,2022-10-13,TACTICAL REBOUND (counter-trend),EXIT,0,0,-0.012615,-0.012911,3
2022-12-14,SPY,long,1.000,2022-12-16,2,-0.041486,-0.003876,2022-12-13,RE-ENTRY (new cycle),EXIT,0,0,-0.041198,-0.041486,3
2023-01-13,SPY,long,1.000,2023-02-22,26,0.014380,-0.222020,2023-01-12,RE-ENTRY (new cycle),EXIT,0,0,0.014685,0.014380,3
2023-03-15,SPY,long,0.500,2023-03-16,1,0.001809,-0.017484,2023-03-14,TACTICAL REBOUND (counter-trend),EXIT,0,0,0.002109,0.001809,3
2023-03-30,SPY,long,1.000,2023-06-20,55,0.085960,-0.153391,2023-03-29,RE-ENTRY (new cycle),EXIT / TRIM,0,0,0.082231,0.085960,3
2023-08-08,SPY,long,1.000,2023-09-22,32,-0.031929,0.009993,2023-08-07,RE-ENTRY (new cycle),EXIT,0,0,-0.035172,-0.031929,3
2023-09-29,SPY,long,1.000,2023-10-04,3,-0.022826,-0.034772,2023-09-28,RE-ENTRY (new cycle),EXIT,0,0,-0.022533,-0.022826,3
2023-10-05,SPY,long,1.000,2023-10-27,16,-0.024551,0.100688,2023-10-04,RE-ENTRY (new cycle),EXIT,0,0,-0.024258,-0.024551,3
2023-10-31,SPY,long,1.000,2023-11-22,16,0.092573,-0.041232,2023-10-30,RE-ENTRY (new cycle),EXIT / TRIM,0,0,0.092901,0.092573,3
2024-01-09,SPY,long,1.000,2024-01-29,13,0.032991,0.099574,2024-01-08,RE-ENTRY (new cycle),EXIT / TRIM,0,0,0.033301,0.032991,3
2024-04-08,SPY,long,1.000,2024-05-01,17,-0.034808,-0.018371,2024-04-05,RE-ENTRY (new cycle),EXIT,0,0,-0.034519,-0.034808,3
2024-05-09,SPY,long,1.000,2024-06-21,29,0.051593,0.012918,2024-05-08,RE-ENTRY (new cycle),EXIT / TRIM,0,0,0.051909,0.051593,3
2024-08-09,SPY,long,1.000,2025-01-13,106,0.093099,-0.395215,2024-08-08,RE-ENTRY (new cycle),EXIT,0,0,0.086422,0.093099,3
2025-03-03,SPY,long,1.000,2025-03-05,2,-0.033272,-0.021787,2025-02-28,RE-ENTRY (new cycle),EXIT,0,0,-0.032982,-0.033272,3
2025-03-06,SPY,long,1.000,2025-03-07,1,-0.008554,-0.006231,2025-03-05,RE-ENTRY (new cycle),EXIT,0,0,-0.008256,-0.008554,3
2025-03-10,SPY,long,1.000,2025-03-11,1,-0.015021,-0.031445,2025-03-07,RE-ENTRY (new cycle),EXIT,0,0,-0.014725,-0.015021,3
2025-03-13,SPY,long,1.000,2025-03-14,1,-0.004859,-0.038034,2025-03-12,RE-ENTRY (new cycle),EXIT,0,0,-0.004560,-0.004859,3
2025-03-17,SPY,long,1.000,2025-04-07,15,-0.128287,-0.055514,2025-03-14,RE-ENTRY (new cycle),EXIT,0,0,-0.131038,-0.128287,3
2025-04-10,SPY,long,1.000,2025-04-14,2,0.021710,0.007697,2025-04-09,RE-ENTRY (new cycle),EXIT,0,0,0.022017,0.021710,3
2025-08-05,SPY,long,1.000,2026-03-04,145,0.084291,-0.080291,2025-08-04,RE-ENTRY (new cycle),EXIT,0,0,0.078563,0.084291,3
2026-03-17,SPY,long,1.000,2026-03-19,2,-0.023519,0.008683,2026-03-16,RE-ENTRY (new cycle),EXIT,0,0,-0.023226,-0.023519,3
2026-03-24,SPY,long,1.000,2026-03-27,3,-0.014134,0.031724,2026-03-23,RE-ENTRY (new cycle),EXIT,0,0,-0.013838,-0.014134,3
2026-04-01,SPY,long,1.000,2026-04-21,13,0.085095,0.032803,2026-03-31,RE-ENTRY (new cycle),EXIT / TRIM,0,0,0.085421,0.085095,3
2026-06-17,SPY,long,1.000,2026-06-18,1,-0.006613,-0.017028,2026-06-16,RE-ENTRY (new cycle),FORCED,1,0,-0.006315,-0.006613,3
2017-05-10,TSLA,long,1.000,2017-06-09,21,0.163688,0.134423,2017-05-09,RE-ENTRY (new cycle),EXIT / TRIM,0,0,0.164037,0.163688,3
2017-07-11,TSLA,long,1.000,2017-08-02,16,0.008698,0.000110,2017-07-10,RE-ENTRY (new cycle),EXIT,0,0,0.009001,0.008698,3
2017-08-04,TSLA,long,1.000,2017-10-10,46,-0.001176,-0.039789,2017-08-03,RE-ENTRY (new cycle),EXIT,0,0,-0.000876,-0.001176,3
2017-10-11,TSLA,long,1.000,2017-10-23,8,-0.011924,-0.008836,2017-10-10,RE-ENTRY (new cycle),EXIT,0,0,-0.011628,-0.011924,3
2017-11-01,TSLA,long,1.000,2017-11-03,2,-0.099111,-0.094749,2017-10-31,RE-ENTRY (new cycle),EXIT,0,0,-0.098841,-0.099111,3
2017-11-08,TSLA,long,1.000,2018-03-16,87,0.066332,-0.008486,2017-11-07,RE-ENTRY (new cycle),EXIT,0,0,0.066652,0.066332,3
2018-03-27,TSLA,long,1.000,2018-03-28,1,-0.130193,-0.119753,2018-03-26,RE-ENTRY (new cycle),EXIT,0,0,-0.129932,-0.130193,3
2018-04-04,TSLA,long,0.500,2018-04-05,1,0.143945,0.133135,2018-04-03,TACTICAL REBOUND (counter-trend),EXIT,0,0,0.144288,0.143945,3
2018-06-06,TSLA,long,0.500,2018-06-12,4,0.146400,0.133541,2018-06-05,TACTICAL REBOUND (counter-trend),EXIT / TRIM,0,0,0.146744,0.146400,3
2018-08-07,TSLA,long,1.000,2018-08-08,1,0.072791,0.075414,2018-08-06,RE-ENTRY (new cycle),EXIT / TRIM,0,0,0.073113,0.072791,3
2018-09-11,TSLA,long,0.500,2018-09-12,1,0.006445,0.003300,2018-09-10,TACTICAL REBOUND (counter-trend),EXIT,0,0,0.006747,0.006445,3
2018-10-02,TSLA,long,1.000,2018-10-05,3,-0.125704,-0.100184,2018-10-01,RE-ENTRY (new cycle),EXIT,0,0,-0.125442,-0.125704,3
2018-11-27,TSLA,long,1.000,2019-01-03,24,-0.097733,-0.005409,2018-11-26,RE-ENTRY (new cycle),EXIT,0,0,-0.097462,-0.097733,3
2019-03-27,TSLA,long,0.500,2019-03-28,1,0.030674,0.024678,2019-03-26,TACTICAL REBOUND (counter-trend),EXIT,0,0,0.030984,0.030674,3
2019-05-03,TSLA,long,0.500,2019-05-06,1,0.024645,0.024528,2019-05-02,TACTICAL REBOUND (counter-trend),EXIT,0,0,0.024953,0.024645,3
2019-05-24,TSLA,long,0.500,2019-05-28,1,-0.043761,-0.035070,2019-05-23,TACTICAL REBOUND (counter-trend),EXIT,0,0,-0.043474,-0.043761,3
2019-05-30,TSLA,long,0.500,2019-05-31,1,-0.019926,-0.007062,2019-05-29,TACTICAL REBOUND (counter-trend),EXIT,0,0,-0.019632,-0.019926,3
2019-06-05,TSLA,long,0.500,2019-06-06,1,0.028374,0.023358,2019-06-04,TACTICAL REBOUND (counter-trend),EXIT,0,0,0.028683,0.028374,3
2019-06-12,TSLA,long,0.500,2019-07-16,23,0.117517,0.066389,2019-06-11,TACTICAL REBOUND (counter-trend),EXIT / TRIM,0,0,0.117852,0.117517,3
2019-09-10,TSLA,long,1.000,2019-09-25,11,-0.027620,-0.021640,2019-09-09,RE-ENTRY (new cycle),EXIT,0,0,-0.027328,-0.027620,3
2019-10-02,TSLA,long,1.000,2019-10-04,2,-0.048580,-0.059039,2019-10-01,RE-ENTRY (new cycle),EXIT,0,0,-0.048294,-0.048580,3
2019-10-08,TSLA,long,1.000,2019-10-25,13,0.261463,0.188088,2019-10-07,RE-ENTRY (new cycle),EXIT / TRIM,0,0,0.261842,0.261463,3
2019-12-03,TSLA,long,1.000,2019-12-17,10,0.138691,0.101792,2019-12-02,RE-ENTRY (new cycle),EXIT / TRIM,0,0,0.139032,0.138691,3
2020-03-20,TSLA,long,1.000,2020-04-14,16,0.594137,0.323358,2020-03-19,RE-ENTRY (new cycle),EXIT / TRIM,0,0,0.594615,0.594137,3
2020-08-13,TSLA,long,1.000,2020-08-18,3,0.178058,0.117242,2020-08-12,RE-ENTRY (new cycle),EXIT / TRIM,0,0,0.178411,0.178058,3
2020-09-16,TSLA,long,1.000,2020-11-19,46,0.117841,0.011169,2020-09-15,RE-ENTRY (new cycle),EXIT / TRIM,0,0,0.118177,0.117841,3
2021-02-03,TSLA,long,1.000,2021-02-26,16,-0.202321,-0.088888,2021-02-02,RE-ENTRY (new cycle),EXIT,0,0,-0.202082,-0.202321,3
2021-03-02,TSLA,long,1.000,2021-03-04,2,-0.087533,-0.012964,2021-03-01,RE-ENTRY (new cycle),EXIT,0,0,-0.087259,-0.087533,3
2021-03-10,TSLA,long,1.000,2021-04-14,24,0.099868,0.036344,2021-03-09,RE-ENTRY (new cycle),EXIT / TRIM,0,0,0.100198,0.099868,3
2021-05-17,TSLA,long,1.000,2021-10-20,109,0.502608,0.240110,2021-05-14,RE-ENTRY (new cycle),EXIT / TRIM,0,0,0.503059,0.502608,3
2021-11-17,TSLA,long,1.000,2021-12-17,21,-0.140374,-0.027098,2021-11-16,RE-ENTRY (new cycle),EXIT,0,0,-0.140116,-0.140374,3
2022-01-13,TSLA,long,1.000,2022-01-25,7,-0.176197,-0.084267,2022-01-12,RE-ENTRY (new cycle),EXIT,0,0,-0.175949,-0.176197,3
2022-02-01,TSLA,long,1.000,2022-02-14,9,-0.079294,-0.034160,2022-01-31,RE-ENTRY (new cycle),EXIT,0,0,-0.079018,-0.079294,3
2022-04-14,TSLA,long,1.000,2022-05-06,15,-0.112902,0.002185,2022-04-13,RE-ENTRY (new cycle),EXIT,0,0,-0.112636,-0.112902,3
2022-05-16,TSLA,long,1.000,2022-05-23,5,-0.146688,-0.115180,2022-05-13,RE-ENTRY (new cycle),EXIT,0,0,-0.146432,-0.146688,3
2022-05-24,TSLA,long,1.000,2022-05-25,1,-0.045988,-0.080160,2022-05-23,RE-ENTRY (new cycle),EXIT,0,0,-0.045701,-0.045988,3
2022-05-26,TSLA,long,0.500,2022-05-27,1,0.092825,0.040420,2022-05-25,TACTICAL REBOUND (counter-trend),EXIT,0,0,0.093153,0.092825,3
2022-09-13,TSLA,long,1.000,2022-09-30,13,-0.091890,-0.003193,2022-09-12,RE-ENTRY (new cycle),EXIT,0,0,-0.091618,-0.091890,3
2022-10-13,TSLA,long,0.500,2022-10-14,1,0.074775,0.126303,2022-10-12,TACTICAL REBOUND (counter-trend),EXIT,0,0,0.075097,0.074775,3
2022-10-18,TSLA,long,0.500,2022-10-19,1,-0.042840,-0.035647,2022-10-17,TACTICAL REBOUND (counter-trend),EXIT,0,0,-0.042553,-0.042840,3
2022-10-20,TSLA,long,0.500,2022-10-21,1,-0.009549,-0.037254,2022-10-19,TACTICAL REBOUND (counter-trend),EXIT,0,0,-0.009252,-0.009549,3
2022-10-24,TSLA,long,0.500,2022-10-25,1,0.020182,-0.019657,2022-10-21,TACTICAL REBOUND (counter-trend),EXIT,0,0,0.020489,0.020182,3
2022-10-26,TSLA,long,0.500,2022-10-27,1,0.046637,0.046056,2022-10-25,TACTICAL REBOUND (counter-trend),EXIT,0,0,0.046951,0.046637,3
2022-11-11,TSLA,long,0.500,2022-11-14,1,0.035776,0.054879,2022-11-10,TACTICAL REBOUND (counter-trend),EXIT,0,0,0.036087,0.035776,3
2022-11-25,TSLA,long,0.500,2022-11-28,1,-0.028142,-0.018732,2022-11-23,TACTICAL REBOUND (counter-trend),EXIT,0,0,-0.027850,-0.028142,3
2022-12-29,TSLA,long,0.500,2022-12-30,1,-0.004211,-0.006550,2022-12-28,TACTICAL REBOUND (counter-trend),EXIT,0,0,-0.003912,-0.004211,3
2023-01-03,TSLA,long,0.500,2023-01-04,1,-0.079560,-0.106948,2022-12-30,TACTICAL REBOUND (counter-trend),EXIT,0,0,-0.079284,-0.079560,3
2023-01-05,TSLA,long,0.500,2023-01-06,1,-0.068517,-0.088352,2023-01-04,TACTICAL REBOUND (counter-trend),EXIT,0,0,-0.068237,-0.068517,3
2023-01-09,TSLA,long,0.500,2023-01-10,1,0.017127,0.012751,2023-01-06,TACTICAL REBOUND (counter-trend),EXIT,0,0,0.017432,0.017127,3
2023-03-23,TSLA,long,1.000,2023-04-06,10,-0.062941,-0.057175,2023-03-22,RE-ENTRY (new cycle),EXIT,0,0,-0.062660,-0.062941,3
2023-04-28,TSLA,long,0.500,2023-05-01,1,0.013500,0.024323,2023-04-27,TACTICAL REBOUND (counter-trend),EXIT,0,0,0.013804,0.013500,3
2023-08-22,TSLA,long,1.000,2023-10-23,43,-0.126435,-0.057059,2023-08-21,RE-ENTRY (new cycle),EXIT,0,0,-0.126173,-0.126435,3
2023-10-25,TSLA,long,1.000,2023-10-27,2,-0.025043,-0.006312,2023-10-24,RE-ENTRY (new cycle),EXIT,0,0,-0.024751,-0.025043,3
2023-10-30,TSLA,long,1.000,2023-10-31,1,-0.063444,-0.078544,2023-10-27,RE-ENTRY (new cycle),EXIT,0,0,-0.063163,-0.063444,3
2023-11-01,TSLA,long,1.000,2024-01-18,52,0.062291,-0.065806,2023-10-31,RE-ENTRY (new cycle),EXIT,0,0,0.062610,0.062291,3
2024-01-22,TSLA,long,1.000,2024-01-26,4,-0.126596,-0.070319,2024-01-19,RE-ENTRY (new cycle),EXIT,0,0,-0.126334,-0.126596,3
2024-01-30,TSLA,long,1.000,2024-02-08,7,-0.032987,-0.039092,2024-01-29,RE-ENTRY (new cycle),EXIT,0,0,-0.032697,-0.032987,3
2024-02-09,TSLA,long,0.500,2024-02-12,1,0.009542,0.017049,2024-02-08,TACTICAL REBOUND (counter-trend),EXIT,0,0,0.009845,0.009542,3
2024-03-12,TSLA,long,0.500,2024-03-13,1,-0.027135,-0.012837,2024-03-11,TACTICAL REBOUND (counter-trend),EXIT,0,0,-0.026843,-0.027135,3
2024-03-19,TSLA,long,0.500,2024-03-20,1,0.003111,-0.016535,2024-03-18,TACTICAL REBOUND (counter-trend),EXIT,0,0,0.003412,0.003111,3
2024-04-24,TSLA,long,0.500,2024-04-25,1,-0.024413,-0.039258,2024-04-23,TACTICAL REBOUND (counter-trend),EXIT,0,0,-0.024120,-0.024413,3
2024-04-30,TSLA,long,1.000,2024-05-30,21,-0.045524,-0.053703,2024-04-29,RE-ENTRY (new cycle),EXIT,0,0,-0.045238,-0.045524,3
2024-05-31,TSLA,long,1.000,2024-06-04,2,-0.021456,-0.008321,2024-05-30,RE-ENTRY (new cycle),EXIT,0,0,-0.021162,-0.021456,3
2024-06-07,TSLA,long,1.000,2024-06-11,2,-0.013140,-0.010384,2024-06-06,RE-ENTRY (new cycle),EXIT,0,0,-0.012844,-0.013140,3
2024-06-14,TSLA,long,1.000,2024-07-02,11,0.177388,0.070397,2024-06-13,RE-ENTRY (new cycle),EXIT / TRIM,0,0,0.177741,0.177388,3
2025-01-17,TSLA,long,1.000,2025-02-06,13,-0.115525,-0.063951,2025-01-16,RE-ENTRY (new cycle),EXIT,0,0,-0.115260,-0.115525,3
2025-02-14,TSLA,long,1.000,2025-02-24,5,-0.062900,0.001713,2025-02-13,RE-ENTRY (new cycle),EXIT,0,0,-0.062618,-0.062900,3
2025-03-03,TSLA,long,1.000,2025-03-05,2,-0.091842,-0.080357,2025-02-28,RE-ENTRY (new cycle),EXIT,0,0,-0.091569,-0.091842,3
2025-03-06,TSLA,long,1.000,2025-03-11,3,-0.172352,-0.096897,2025-03-05,RE-ENTRY (new cycle),EXIT,0,0,-0.172104,-0.172352,3
2025-03-12,TSLA,long,1.000,2025-04-22,28,-0.066332,-0.027711,2025-03-11,RE-ENTRY (new cycle),EXIT,0,0,-0.066052,-0.066332,3
2025-06-17,TSLA,long,1.000,2025-07-10,15,-0.080407,-0.118123,2025-06-16,RE-ENTRY (new cycle),EXIT,0,0,-0.080131,-0.080407,3
2025-07-23,TSLA,long,1.000,2025-09-15,37,0.277958,0.149659,2025-07-22,RE-ENTRY (new cycle),EXIT / TRIM,0,0,0.278341,0.277958,3
2025-10-14,TSLA,long,1.000,2026-01-21,67,-0.012613,-0.018305,2025-10-13,RE-ENTRY (new cycle),EXIT,0,0,-0.012316,-0.012613,3
2026-02-09,TSLA,long,1.000,2026-02-24,10,-0.025969,0.000739,2026-02-06,RE-ENTRY (new cycle),EXIT,0,0,-0.025676,-0.025969,3
2026-03-06,TSLA,long,1.000,2026-03-09,1,-0.020784,-0.027163,2026-03-05,RE-ENTRY (new cycle),EXIT,0,0,-0.020490,-0.020784,3
2026-03-11,TSLA,long,1.000,2026-03-23,8,-0.073118,-0.022096,2026-03-10,RE-ENTRY (new cycle),EXIT,0,0,-0.072840,-0.073118,3
2026-03-24,TSLA,long,1.000,2026-03-27,3,-0.018833,0.027025,2026-03-23,RE-ENTRY (new cycle),EXIT,0,0,-0.018539,-0.018833,3
2026-04-01,TSLA,long,1.000,2026-04-06,2,-0.044546,-0.011568,2026-03-31,RE-ENTRY (new cycle),EXIT,0,0,-0.044259,-0.044546,3
2026-04-10,TSLA,long,1.000,2026-05-11,21,0.218321,0.035794,2026-04-09,RE-ENTRY (new cycle),EXIT / TRIM,0,0,0.218687,0.218321,3
2026-05-26,TSLA,long,1.000,2026-06-18,17,-0.069187,-0.045324,2026-05-22,RE-ENTRY (new cycle),FORCED,1,0,-0.068907,-0.069187,3
2017-04-07,XHB,long,1.000,2017-04-28,14,0.036365,0.017386,2017-04-06,RE-ENTRY (new cycle),EXIT / TRIM,0,0,0.036676,0.036365,3
2017-05-16,XHB,long,1.000,2017-08-18,66,-0.012139,-0.034183,2017-05-15,RE-ENTRY (new cycle),EXIT,0,0,-0.011842,-0.012139,3
2017-09-07,XHB,long,1.000,2017-10-06,21,0.052000,0.014076,2017-09-06,RE-ENTRY (new cycle),EXIT / TRIM,0,0,0.052316,0.052000,3
2017-11-10,XHB,long,1.000,2017-12-04,15,0.079910,0.044232,2017-11-09,RE-ENTRY (new cycle),EXIT / TRIM,0,0,0.080234,0.079910,3
2018-02-07,XHB,long,1.000,2018-02-09,2,-0.027351,0.002266,2018-02-06,RE-ENTRY (new cycle),EXIT,0,0,-0.027059,-0.027351,3
2018-02-12,XHB,long,1.000,2018-03-01,12,-0.021823,-0.033918,2018-02-09,RE-ENTRY (new cycle),EXIT,0,0,-0.021529,-0.021823,3
2018-03-06,XHB,long,1.000,2018-05-01,39,-0.048074,-0.011533,2018-03-05,RE-ENTRY (new cycle),EXIT,0,0,-0.047788,-0.048074,3
2018-07-10,XHB,long,1.000,2018-07-25,11,-0.031678,-0.028302,2018-07-09,RE-ENTRY (new cycle),EXIT,0,0,-0.031388,-0.031678,3
2018-08-23,XHB,long,1.000,2018-09-18,17,-0.013419,-0.008488,2018-08-22,RE-ENTRY (new cycle),EXIT,0,0,-0.013123,-0.013419,3
2018-10-09,XHB,long,0.500,2018-10-10,1,-0.027523,-0.002218,2018-10-08,TACTICAL REBOUND (counter-trend),EXIT,0,0,-0.027232,-0.027523,3
2018-10-16,XHB,long,0.500,2018-10-17,1,0.010263,0.013568,2018-10-15,TACTICAL REBOUND (counter-trend),EXIT,0,0,0.010566,0.010263,3
2018-10-24,XHB,long,0.500,2018-10-25,1,-0.022352,-0.049314,2018-10-23,TACTICAL REBOUND (counter-trend),EXIT,0,0,-0.022059,-0.022352,3
2018-10-26,XHB,long,0.500,2018-10-29,1,0.006079,0.006965,2018-10-25,TACTICAL REBOUND (counter-trend),EXIT,0,0,0.006381,0.006079,3
2018-10-31,XHB,long,0.500,2018-11-01,1,-0.006147,-0.024750,2018-10-30,TACTICAL REBOUND (counter-trend),EXIT,0,0,-0.005849,-0.006147,3
2018-12-27,XHB,long,0.500,2018-12-28,1,0.026488,0.018627,2018-12-26,TACTICAL REBOUND (counter-trend),EXIT,0,0,0.026796,0.026488,3
2019-01-09,XHB,long,1.000,2019-02-15,26,0.103588,0.051093,2019-01-08,RE-ENTRY (new cycle),EXIT / TRIM,0,0,0.103919,0.103588,3
2019-03-12,XHB,long,1.000,2019-05-29,54,0.013418,0.071794,2019-03-11,RE-ENTRY (new cycle),EXIT,0,0,0.013722,0.013418,3
2019-06-28,XHB,long,1.000,2019-08-13,31,-0.018986,-0.002722,2019-06-27,RE-ENTRY (new cycle),EXIT,0,0,-0.018692,-0.018986,3
2019-10-07,XHB,long,1.000,2020-01-21,72,0.091048,-0.125771,2019-10-04,RE-ENTRY (new cycle),EXIT / TRIM,0,0,0.091376,0.091048,3
2020-02-06,XHB,long,1.000,2020-03-09,21,-0.170251,-0.010916,2020-02-05,RE-ENTRY (new cycle),EXIT,0,0,-0.170002,-0.170251,3
2020-03-11,XHB,long,1.000,2020-03-12,1,-0.115597,-0.029609,2020-03-10,RE-ENTRY (new cycle),EXIT,0,0,-0.115332,-0.115597,3
2020-03-20,XHB,long,0.500,2020-03-23,1,-0.070197,-0.053551,2020-03-19,TACTICAL REBOUND (counter-trend),EXIT,0,0,-0.069918,-0.070197,3
2020-03-25,XHB,long,0.500,2020-03-26,1,0.081753,0.047418,2020-03-24,TACTICAL REBOUND (counter-trend),EXIT,0,0,0.082078,0.081753,3
2020-06-17,XHB,long,1.000,2020-08-12,39,0.163401,-0.051163,2020-06-16,RE-ENTRY (new cycle),EXIT / TRIM,0,0,0.163750,0.163401,3
2020-09-16,XHB,long,1.000,2021-01-26,90,0.190277,-0.384439,2020-09-15,RE-ENTRY (new cycle),EXIT / TRIM,0,0,0.186760,0.190277,3
2021-02-03,XHB,long,1.000,2021-06-10,88,0.185816,0.317348,2021-02-02,RE-ENTRY (new cycle),EXIT,0,0,0.184280,0.185816,3
2021-07-01,XHB,long,1.000,2021-09-29,62,0.009072,-0.026957,2021-06-30,RE-ENTRY (new cycle),EXIT,0,0,0.008144,0.009072,3
2021-10-06,XHB,long,1.000,2021-11-16,29,0.156581,-0.041523,2021-10-05,RE-ENTRY (new cycle),EXIT / TRIM,0,0,0.156928,0.156581,3
2021-12-03,XHB,long,1.000,2022-01-18,30,-0.060708,-0.048059,2021-12-02,RE-ENTRY (new cycle),EXIT,0,0,-0.061999,-0.060708,3
2022-01-25,XHB,long,1.000,2022-01-27,2,-0.017920,0.043389,2022-01-24,RE-ENTRY (new cycle),EXIT,0,0,-0.017625,-0.017920,3
2022-01-31,XHB,long,1.000,2022-02-07,5,-0.010271,0.011315,2022-01-28,RE-ENTRY (new cycle),EXIT,0,0,-0.009974,-0.010271,3
2022-02-09,XHB,long,1.000,2022-02-24,10,-0.129135,-0.024477,2022-02-08,RE-ENTRY (new cycle),EXIT,0,0,-0.128874,-0.129135,3
2022-02-25,XHB,long,0.500,2022-02-28,1,0.015671,-0.028832,2022-02-24,TACTICAL REBOUND (counter-trend),EXIT,0,0,0.015976,0.015671,3
2022-03-10,XHB,long,0.500,2022-03-11,1,0.017604,0.054281,2022-03-09,TACTICAL REBOUND (counter-trend),EXIT,0,0,0.017909,0.017604,3
2022-04-11,XHB,long,0.500,2022-04-12,1,0.030631,0.024851,2022-04-08,TACTICAL REBOUND (counter-trend),EXIT,0,0,0.030941,0.030631,3
2022-06-22,XHB,long,0.500,2022-06-23,1,0.025115,0.014903,2022-06-21,TACTICAL REBOUND (counter-trend),EXIT,0,0,0.025423,0.025115,3
2022-06-24,XHB,long,0.500,2022-06-27,1,0.020930,0.025569,2022-06-23,TACTICAL REBOUND (counter-trend),EXIT,0,0,0.021236,0.020930,3
2022-07-08,XHB,long,0.500,2022-08-29,36,0.045476,-0.027902,2022-07-07,TACTICAL REBOUND (counter-trend),EXIT,0,0,0.045790,0.045476,3
2022-09-28,XHB,long,0.500,2022-09-29,1,0.018907,0.067479,2022-09-27,TACTICAL REBOUND (counter-trend),EXIT,0,0,0.019213,0.018907,3
2022-12-09,XHB,long,1.000,2022-12-21,8,-0.006226,0.104831,2022-12-08,RE-ENTRY (new cycle),EXIT,0,0,-0.009109,-0.006226,3
2023-01-06,XHB,long,1.000,2023-03-16,47,0.025834,-0.206939,2023-01-05,RE-ENTRY (new cycle),EXIT,0,0,0.026142,0.025834,3
2023-04-04,XHB,long,1.000,2023-07-05,62,0.178172,-0.083206,2023-04-03,RE-ENTRY (new cycle),EXIT / TRIM,0,0,0.175892,0.178172,3
2023-08-15,XHB,long,1.000,2023-09-14,21,-0.039755,-0.133864,2023-08-14,RE-ENTRY (new cycle),EXIT,0,0,-0.039466,-0.039755,3
2023-09-26,XHB,long,1.000,2023-09-27,1,0.000579,0.005720,2023-09-25,RE-ENTRY (new cycle),EXIT,0,0,0.000880,0.000579,3
2023-09-28,XHB,long,1.000,2023-10-04,4,-0.025085,-0.045633,2023-09-27,RE-ENTRY (new cycle),EXIT,0,0,-0.024792,-0.025085,3
2023-10-05,XHB,long,1.000,2023-10-20,11,-0.041151,0.060900,2023-10-04,RE-ENTRY (new cycle),EXIT,0,0,-0.040863,-0.041151,3
2023-10-27,XHB,long,1.000,2023-12-06,27,0.232627,0.061522,2023-10-26,RE-ENTRY (new cycle),EXIT / TRIM,0,0,0.232997,0.232627,3
2024-01-09,XHB,long,1.000,2024-05-02,79,0.111249,0.197002,2024-01-08,RE-ENTRY (new cycle),EXIT,0,0,0.109776,0.111249,3
2024-05-09,XHB,long,1.000,2024-06-05,18,-0.031722,-0.044229,2024-05-08,RE-ENTRY (new cycle),EXIT,0,0,-0.031431,-0.031722,3
2024-07-09,XHB,long,1.000,2024-07-17,6,0.146344,0.147792,2024-07-08,RE-ENTRY (new cycle),EXIT / TRIM,0,0,0.146688,0.146344,3
2024-08-20,XHB,long,1.000,2024-11-01,52,0.026312,-0.056859,2024-08-19,RE-ENTRY (new cycle),EXIT,0,0,0.025499,0.026312,3
2024-12-26,XHB,long,1.000,2025-01-13,10,-0.033441,0.047332,2024-12-24,RE-ENTRY (new cycle),EXIT,0,0,-0.033151,-0.033441,3
2025-01-14,XHB,long,1.000,2025-02-13,21,-0.004556,0.010682,2025-01-13,RE-ENTRY (new cycle),EXIT,0,0,-0.004257,-0.004556,3
2025-02-26,XHB,long,0.500,2025-02-27,1,-0.015080,0.008707,2025-02-25,TACTICAL REBOUND (counter-trend),EXIT,0,0,-0.014785,-0.015080,3
2025-03-06,XHB,long,0.500,2025-03-07,1,0.012851,0.015174,2025-03-05,TACTICAL REBOUND (counter-trend),EXIT,0,0,0.013155,0.012851,3
2025-03-17,XHB,long,0.500,2025-03-18,1,0.004426,0.032192,2025-03-14,TACTICAL REBOUND (counter-trend),EXIT,0,0,0.004727,0.004426,3
2025-04-10,XHB,long,0.500,2025-04-11,1,-0.016953,-0.026309,2025-04-09,TACTICAL REBOUND (counter-trend),EXIT,0,0,-0.016658,-0.016953,3
2025-06-11,XHB,long,1.000,2025-06-16,3,-0.037847,-0.041712,2025-06-10,RE-ENTRY (new cycle),EXIT,0,0,-0.037558,-0.037847,3
2025-06-27,XHB,long,1.000,2025-10-07,70,0.114335,-0.106244,2025-06-26,RE-ENTRY (new cycle),EXIT,0,0,0.113057,0.114335,3
2025-10-15,XHB,long,1.000,2025-11-10,18,-0.024829,-0.048326,2025-10-14,RE-ENTRY (new cycle),EXIT,0,0,-0.024537,-0.024829,3
2025-11-24,XHB,long,0.500,2025-11-25,1,0.007356,-0.003594,2025-11-21,TACTICAL REBOUND (counter-trend),EXIT,0,0,0.007659,0.007356,3
2025-11-28,XHB,long,1.000,2025-12-31,22,-0.046580,-0.051323,2025-11-26,RE-ENTRY (new cycle),EXIT,0,0,-0.047940,-0.046580,3
2026-01-09,XHB,long,1.000,2026-03-11,41,-0.049215,0.029041,2026-01-08,RE-ENTRY (new cycle),EXIT,0,0,-0.048930,-0.049215,3
2026-03-16,XHB,long,1.000,2026-03-23,5,-0.030246,-0.002639,2026-03-13,RE-ENTRY (new cycle),EXIT,0,0,-0.029955,-0.030246,3
2026-03-24,XHB,long,1.000,2026-03-30,4,-0.010462,0.044388,2026-03-23,RE-ENTRY (new cycle),EXIT,0,0,-0.010165,-0.010462,3
2026-04-01,XHB,long,1.000,2026-04-02,1,-0.017593,0.007866,2026-03-31,RE-ENTRY (new cycle),EXIT,0,0,-0.017298,-0.017593,3
2026-05-21,XHB,long,0.500,2026-05-22,1,0.024175,0.010582,2026-05-20,TACTICAL REBOUND (counter-trend),EXIT,0,0,0.024483,0.024175,3
2026-06-02,XHB,long,1.000,2026-06-18,12,0.066908,0.102234,2026-06-01,RE-ENTRY (new cycle),FORCED,1,0,0.067228,0.066908,3
2017-05-01,XLV,long,1.000,2017-06-26,39,0.066000,0.019697,2017-04-28,RE-ENTRY (new cycle),EXIT / TRIM,0,0,0.066320,0.066000,3
2017-09-01,XLV,long,1.000,2017-09-14,8,0.016709,0.003019,2017-08-31,RE-ENTRY (new cycle),EXIT / TRIM,0,0,0.017015,0.016709,3
2017-10-03,XLV,long,1.000,2017-11-13,29,-0.021753,-0.011427,2017-10-02,RE-ENTRY (new cycle),EXIT,0,0,-0.021460,-0.021753,3
2017-11-29,XLV,long,1.000,2018-01-24,37,0.078373,0.010135,2017-11-28,RE-ENTRY (new cycle),EXIT / TRIM,0,0,0.078697,0.078373,3
2018-02-12,XLV,long,1.000,2018-03-02,13,-0.001930,-0.023903,2018-02-09,RE-ENTRY (new cycle),EXIT,0,0,-0.001631,-0.001930,3
2018-03-12,XLV,long,1.000,2018-03-26,10,-0.069544,-0.018323,2018-03-09,RE-ENTRY (new cycle),EXIT,0,0,-0.069265,-0.069544,3
2018-03-27,XLV,long,1.000,2018-03-28,1,-0.013091,-0.002651,2018-03-26,RE-ENTRY (new cycle),EXIT,0,0,-0.012795,-0.013091,3
2018-04-04,XLV,long,1.000,2018-04-09,3,0.005913,0.016222,2018-04-03,RE-ENTRY (new cycle),EXIT,0,0,0.006215,0.005913,3
2018-05-15,XLV,long,1.000,2018-08-10,61,0.079564,0.020720,2018-05-14,RE-ENTRY (new cycle),EXIT / TRIM,0,0,0.079888,0.079564,3
2018-10-17,XLV,long,1.000,2018-10-22,3,-0.015237,0.014299,2018-10-16,RE-ENTRY (new cycle),EXIT,0,0,-0.014941,-0.015237,3
2018-10-30,XLV,long,1.000,2018-12-20,35,-0.031842,0.034586,2018-10-29,RE-ENTRY (new cycle),EXIT,0,0,-0.031551,-0.031842,3
2018-12-27,XLV,long,1.000,2019-01-04,5,0.014049,-0.009417,2018-12-26,RE-ENTRY (new cycle),EXIT,0,0,0.014354,0.014049,3
2019-01-14,XLV,long,1.000,2019-04-17,65,0.014744,-0.043526,2019-01-11,RE-ENTRY (new cycle),EXIT,0,0,0.015048,0.014744,3
2019-04-24,XLV,long,1.000,2019-06-04,28,0.009239,0.068189,2019-04-23,RE-ENTRY (new cycle),EXIT,0,0,0.009541,0.009239,3
2019-08-07,XLV,long,1.000,2019-08-15,6,0.001526,0.024271,2019-08-06,RE-ENTRY (new cycle),EXIT,0,0,0.001826,0.001526,3
2019-10-04,XLV,long,0.500,2019-10-07,1,0.009057,0.009089,2019-10-03,TACTICAL REBOUND (counter-trend),EXIT,0,0,0.009360,0.009057,3
2019-10-18,XLV,long,1.000,2019-11-21,24,0.063386,-0.010340,2019-10-17,RE-ENTRY (new cycle),EXIT / TRIM,0,0,0.063705,0.063386,3
2020-01-09,XLV,long,1.000,2020-02-28,34,-0.110530,-0.100752,2020-01-08,RE-ENTRY (new cycle),EXIT,0,0,-0.110263,-0.110530,3
2020-03-03,XLV,long,1.000,2020-03-10,5,-0.025587,0.039862,2020-03-02,RE-ENTRY (new cycle),EXIT,0,0,-0.025295,-0.025587,3
2020-03-16,XLV,long,1.000,2020-03-17,1,0.010179,-0.008842,2020-03-13,RE-ENTRY (new cycle),EXIT,0,0,0.010482,0.010179,3
2020-03-18,XLV,long,1.000,2020-03-19,1,0.007041,-0.039865,2020-03-17,RE-ENTRY (new cycle),EXIT,0,0,0.007343,0.007041,3
2020-03-25,XLV,long,0.500,2020-03-26,1,0.028566,-0.005769,2020-03-24,TACTICAL REBOUND (counter-trend),EXIT,0,0,0.028875,0.028566,3
2020-09-28,XLV,long,1.000,2021-03-01,105,0.095338,-0.381903,2020-09-25,RE-ENTRY (new cycle),EXIT,0,0,0.091202,0.095338,3
2021-03-08,XLV,long,1.000,2021-04-23,33,0.088619,-0.087413,2021-03-05,RE-ENTRY (new cycle),EXIT / TRIM,0,0,0.085432,0.088619,3
2021-05-17,XLV,long,1.000,2021-07-07,35,0.042769,-0.058174,2021-05-14,RE-ENTRY (new cycle),EXIT / TRIM,0,0,0.039182,0.042769,3
2021-10-04,XLV,long,1.000,2021-10-05,1,-0.007772,-0.013050,2021-10-01,RE-ENTRY (new cycle),EXIT,0,0,-0.007474,-0.007772,3
2021-10-06,XLV,long,1.000,2022-01-24,75,0.026390,0.000327,2021-10-05,RE-ENTRY (new cycle),EXIT,0,0,0.022493,0.026390,3
2022-01-28,XLV,long,1.000,2022-02-23,17,0.000026,0.072469,2022-01-27,RE-ENTRY (new cycle),EXIT,0,0,0.000326,0.000026,3
2022-02-25,XLV,long,1.000,2022-05-10,51,0.003601,0.099573,2022-02-24,RE-ENTRY (new cycle),EXIT,0,0,0.000562,0.003601,3
2022-05-11,XLV,long,1.000,2022-06-13,22,-0.026171,0.042315,2022-05-10,RE-ENTRY (new cycle),EXIT,0,0,-0.025879,-0.026171,3
2022-06-22,XLV,long,0.500,2022-06-23,1,0.024504,0.014292,2022-06-21,TACTICAL REBOUND (counter-trend),EXIT,0,0,0.024811,0.024504,3
2022-06-30,XLV,long,0.500,2022-08-24,38,0.012063,-0.201411,2022-06-29,TACTICAL REBOUND (counter-trend),EXIT,0,0,0.012366,0.012063,3
2022-09-02,XLV,long,0.500,2022-09-06,1,-0.016742,-0.021707,2022-09-01,TACTICAL REBOUND (counter-trend),EXIT,0,0,-0.016447,-0.016742,3
2022-09-29,XLV,long,0.500,2022-09-30,1,-0.005942,0.003903,2022-09-28,TACTICAL REBOUND (counter-trend),EXIT,0,0,-0.005644,-0.005942,3
2023-03-03,XLV,long,0.500,2023-03-06,1,0.006643,0.018543,2023-03-02,TACTICAL REBOUND (counter-trend),EXIT,0,0,0.006945,0.006643,3
2023-03-14,XLV,long,0.500,2023-03-15,1,-0.009235,0.001708,2023-03-13,TACTICAL REBOUND (counter-trend),EXIT,0,0,-0.008937,-0.009235,3
2023-05-01,XLV,long,1.000,2023-05-24,17,-0.030271,-0.091493,2023-04-28,RE-ENTRY (new cycle),EXIT,0,0,-0.029980,-0.030271,3
2023-06-01,XLV,long,1.000,2023-09-18,74,0.034179,-0.129903,2023-05-31,RE-ENTRY (new cycle),EXIT,0,0,0.030250,0.034179,3
2023-09-26,XLV,long,1.000,2023-09-27,1,-0.002671,0.002469,2023-09-25,RE-ENTRY (new cycle),EXIT,0,0,-0.002372,-0.002671,3
2023-09-29,XLV,long,1.000,2023-10-02,1,-0.013438,-0.012732,2023-09-28,RE-ENTRY (new cycle),EXIT,0,0,-0.013142,-0.013438,3
2023-10-05,XLV,long,0.500,2023-10-06,1,-0.000210,-0.009612,2023-10-04,TACTICAL REBOUND (counter-trend),EXIT,0,0,0.000090,-0.000210,3
2023-11-01,XLV,long,0.500,2023-11-02,1,0.006551,-0.038698,2023-10-31,TACTICAL REBOUND (counter-trend),EXIT,0,0,0.006853,0.006551,3
2023-11-03,XLV,long,0.500,2023-11-06,1,0.001749,0.007710,2023-11-02,TACTICAL REBOUND (counter-trend),EXIT,0,0,0.002049,0.001749,3
2024-01-29,XLV,long,1.000,2024-02-12,10,0.031088,0.021728,2024-01-26,RE-ENTRY (new cycle),EXIT / TRIM,0,0,0.031398,0.031088,3
2024-03-20,XLV,long,1.000,2024-04-11,15,-0.024216,-0.009137,2024-03-19,RE-ENTRY (new cycle),EXIT,0,0,-0.023923,-0.024216,3
2024-04-17,XLV,long,1.000,2024-05-17,22,0.046909,-0.050628,2024-04-16,RE-ENTRY (new cycle),EXIT / TRIM,0,0,0.047223,0.046909,3
2024-06-06,XLV,long,1.000,2024-09-04,61,0.080464,-0.008307,2024-06-05,RE-ENTRY (new cycle),EXIT / TRIM,0,0,0.076854,0.080464,3
2024-09-11,XLV,long,1.000,2024-10-08,19,-0.018190,-0.080264,2024-09-10,RE-ENTRY (new cycle),EXIT,0,0,-0.021620,-0.018190,3
2024-10-15,XLV,long,1.000,2024-10-22,5,-0.015325,-0.009962,2024-10-14,RE-ENTRY (new cycle),EXIT,0,0,-0.015029,-0.015325,3
2024-11-04,XLV,long,1.000,2024-11-15,9,-0.026498,-0.192850,2024-11-01,RE-ENTRY (new cycle),EXIT,0,0,-0.026206,-0.026498,3
2024-11-21,XLV,long,1.000,2024-12-17,17,-0.030211,-0.237520,2024-11-20,RE-ENTRY (new cycle),EXIT,0,0,-0.029920,-0.030211,3
2024-12-23,XLV,long,0.500,2024-12-24,1,0.008929,-0.038605,2024-12-20,TACTICAL REBOUND (counter-trend),EXIT,0,0,0.004713,0.008929,3
2024-12-26,XLV,long,0.500,2024-12-27,1,-0.000312,0.034189,2024-12-24,TACTICAL REBOUND (counter-trend),EXIT,0,0,-0.000012,-0.000312,3
2025-01-02,XLV,long,0.500,2025-01-03,1,-0.004210,-0.056936,2024-12-31,TACTICAL REBOUND (counter-trend),EXIT,0,0,-0.003911,-0.004210,3
2025-02-20,XLV,long,1.000,2025-03-31,27,-0.012461,0.177910,2025-02-19,RE-ENTRY (new cycle),EXIT,0,0,-0.016026,-0.012461,3
2025-04-10,XLV,long,0.500,2025-04-11,1,-0.017743,-0.027099,2025-04-09,TACTICAL REBOUND (counter-trend),EXIT,0,0,-0.017449,-0.017743,3
2025-04-14,XLV,long,0.500,2025-04-15,1,0.005002,-0.001230,2025-04-11,TACTICAL REBOUND (counter-trend),EXIT,0,0,0.005303,0.005002,3
2025-04-23,XLV,long,0.500,2025-04-24,1,-0.004002,-0.037038,2025-04-22,TACTICAL REBOUND (counter-trend),EXIT,0,0,-0.003703,-0.004002,3
2025-05-01,XLV,long,0.500,2025-05-02,1,-0.001211,-0.021906,2025-04-30,TACTICAL REBOUND (counter-trend),EXIT,0,0,-0.000912,-0.001211,3
2025-08-20,XLV,long,1.000,2025-09-26,26,-0.010770,-0.210503,2025-08-19,RE-ENTRY (new cycle),EXIT,0,0,-0.015032,-0.010770,3
2025-10-02,XLV,long,1.000,2025-11-14,31,0.068576,0.108270,2025-10-01,RE-ENTRY (new cycle),EXIT / TRIM,0,0,0.068897,0.068576,3
2025-12-16,XLV,long,1.000,2026-03-12,58,-0.021302,0.115934,2025-12-15,RE-ENTRY (new cycle),EXIT,0,0,-0.025217,-0.021302,3
2026-03-17,XLV,long,1.000,2026-03-19,2,-0.028831,0.003372,2026-03-16,RE-ENTRY (new cycle),EXIT,0,0,-0.028539,-0.028831,3
2026-03-25,XLV,long,1.000,2026-03-30,3,-0.010030,0.049841,2026-03-24,RE-ENTRY (new cycle),EXIT,0,0,-0.009733,-0.010030,3
2026-03-31,XLV,long,1.000,2026-06-18,55,0.030584,-0.116194,2026-03-30,RE-ENTRY (new cycle),FORCED,1,0,0.030893,0.030584,3
